category,S2_srw_1,S2_srw_2,S2_srw_3,S2_srw_4,S2_srw_5,S2_srw_6,S2_srw_7,S2_srw_8,S2_srw_9,S2_srw_10,S2_srw_11
forest,0.16010,0.23750,0.10110,0.16410,0.32350,0.32950,0.28090,0.18200,0.15740,0.17540,0.19210
tea,0.16690,0.26890,0.10110,0.19120,0.43620,0.44440,0.36820,0.20840,0.15570,0.19180,0.19450
tea,0.19920,0.29770,0.10110,0.17830,0.39510,0.40320,0.34420,0.19860,0.16540,0.18530,0.19550
tea,0.15900,0.26050,0.10110,0.20020,0.45990,0.46790,0.38360,0.20540,0.15560,0.19340,0.19320
tea,0.15990,0.25980,0.10110,0.19580,0.45200,0.45890,0.38200,0.20330,0.15460,0.19040,0.19380
tea,0.16860,0.26200,0.10110,0.19220,0.40860,0.41760,0.35540,0.19840,0.15370,0.18780,0.19420
tea,0.16410,0.26370,0.10110,0.20190,0.44140,0.45270,0.36750,0.20250,0.15340,0.18870,0.19400
forest,0.15130,0.23550,0.10110,0.18390,0.39450,0.38810,0.32840,0.18260,0.15350,0.17690,0.19150
other,0.18980,0.29380,0.10110,0.18780,0.42300,0.41720,0.36420,0.21290,0.16100,0.19180,0.19590
water,0.11510,0.13190,0.10090,0.14380,0.15720,0.18760,0.16840,0.16520,0.16430,0.19200,0.20460
water,0.10800,0.11650,0.10100,0.11730,0.15050,0.16050,0.15880,0.15290,0.15320,0.18180,0.20400
water,0.10570,0.11100,0.10090,0.11270,0.14460,0.15300,0.15300,0.14870,0.15330,0.18440,0.20190
water,0.10930,0.12030,0.10100,0.12850,0.15490,0.16120,0.16000,0.15400,0.15470,0.18300,0.20600
water,0.11040,0.11820,0.10070,0.11510,0.15200,0.16180,0.16110,0.15560,0.15890,0.18620,0.20860
water,0.10510,0.11080,0.10090,0.11290,0.14400,0.15220,0.15180,0.14780,0.15270,0.18060,0.20230
water,0.13010,0.15950,0.10110,0.16160,0.17020,0.19940,0.18650,0.17160,0.16860,0.19520,0.21620
water,0.11280,0.12260,0.10090,0.11900,0.15620,0.16630,0.16350,0.15730,0.16160,0.18850,0.21000
other,0.21370,0.27050,0.10100,0.17130,0.25380,0.28790,0.27300,0.21940,0.19430,0.19840,0.20810
forest,0.14910,0.21730,0.10090,0.16610,0.31020,0.31260,0.26640,0.17930,0.15200,0.17950,0.18970
forest,0.14400,0.20550,0.10090,0.16490,0.28200,0.28770,0.24480,0.16360,0.14650,0.16870,0.18790
forest,0.13520,0.19610,0.10100,0.16330,0.30450,0.31290,0.27190,0.17220,0.14730,0.17300,0.18890
other,0.27520,0.29800,0.10120,0.15550,0.30010,0.28900,0.24530,0.21110,0.20150,0.20620,0.21740
other,0.31970,0.37280,0.10120,0.16250,0.31210,0.31660,0.25900,0.24370,0.21780,0.21480,0.21960
forest,0.15330,0.21870,0.10110,0.16270,0.31680,0.31500,0.27300,0.17590,0.15180,0.17320,0.19220
other,0.20810,0.29960,0.10120,0.17640,0.35190,0.36460,0.32800,0.20940,0.17020,0.19120,0.19880
other,0.24490,0.31580,0.10110,0.17590,0.32310,0.32890,0.29920,0.21870,0.19250,0.19760,0.20160
forest,0.12900,0.17470,0.10110,0.16910,0.25950,0.26800,0.23510,0.16020,0.14820,0.16950,0.18870
other,0.21170,0.27170,0.10120,0.17080,0.30270,0.30690,0.28300,0.21260,0.18120,0.18790,0.19890
tea,0.20230,0.30050,0.10130,0.17410,0.35300,0.36290,0.31710,0.20550,0.17230,0.19060,0.20030
tea,0.19860,0.29160,0.10130,0.17250,0.35520,0.34290,0.29830,0.19140,0.17040,0.17970,0.19510
tea,0.24200,0.32970,0.10110,0.19820,0.30340,0.29640,0.27270,0.22040,0.17970,0.19710,0.19530
tea,0.16420,0.26490,0.10110,0.19860,0.45760,0.45390,0.37370,0.20220,0.15480,0.19060,0.19440
other,0.26050,0.31370,0.10110,0.17470,0.32380,0.33360,0.30480,0.24360,0.18510,0.19450,0.20120
other,0.21610,0.29090,0.10130,0.18010,0.33890,0.33890,0.30650,0.20940,0.18200,0.19390,0.20080
other,0.19010,0.27050,0.10130,0.17520,0.35550,0.36660,0.31730,0.19850,0.16830,0.18970,0.19870
forest,0.20810,0.32170,0.10120,0.19060,0.36420,0.37270,0.32410,0.21590,0.17320,0.18930,0.19870
other,0.22870,0.31330,0.10120,0.18910,0.36610,0.36690,0.32970,0.24020,0.20940,0.20290,0.20610
other,0.22970,0.29790,0.10110,0.17490,0.34410,0.33410,0.30540,0.21200,0.18690,0.19470,0.19940
other,0.23760,0.31500,0.10110,0.18230,0.32920,0.33230,0.30470,0.22440,0.19510,0.20160,0.20090
other,0.24340,0.29530,0.10110,0.15600,0.29010,0.31450,0.30040,0.26250,0.25620,0.23930,0.22830
other,0.24270,0.28730,0.10120,0.15870,0.31680,0.32040,0.30680,0.26440,0.26090,0.24640,0.23650
other,0.24060,0.28810,0.10110,0.15600,0.29410,0.31250,0.29470,0.25720,0.24610,0.23120,0.22800
other,0.19090,0.27220,0.10130,0.17790,0.35690,0.36100,0.32010,0.19980,0.16380,0.18750,0.19550
other,0.18890,0.26400,0.10120,0.18080,0.35320,0.33590,0.30530,0.19660,0.15880,0.18630,0.19400
forest,0.19160,0.29740,0.10110,0.19730,0.38260,0.39120,0.33560,0.20600,0.16980,0.18280,0.19480
tea,0.19440,0.28820,0.10110,0.19510,0.39810,0.39820,0.34500,0.20710,0.15920,0.18610,0.19060
tea,0.20720,0.29840,0.10110,0.19740,0.39390,0.39590,0.34100,0.20870,0.16330,0.18920,0.19260
tea,0.17210,0.27020,0.10110,0.20490,0.43580,0.43720,0.36880,0.20740,0.15300,0.18830,0.19010
tea,0.19430,0.28390,0.10110,0.19250,0.38610,0.37960,0.32960,0.19730,0.15660,0.18490,0.19230
tea,0.18560,0.27000,0.10110,0.18750,0.40950,0.39810,0.34010,0.20730,0.15520,0.18680,0.19250
tea,0.21150,0.30270,0.10110,0.19300,0.37810,0.38510,0.32910,0.20190,0.16450,0.18610,0.19310
tea,0.24480,0.33790,0.10110,0.21030,0.31870,0.31310,0.28140,0.22940,0.18710,0.20100,0.19050
forest,0.15270,0.22530,0.10110,0.18010,0.34470,0.35090,0.30010,0.17270,0.14560,0.17240,0.18560
tea,0.20450,0.28990,0.10110,0.19300,0.35010,0.35580,0.31260,0.19380,0.16150,0.18310,0.19120
tea,0.16630,0.27810,0.10110,0.21770,0.48580,0.50250,0.41740,0.22100,0.15300,0.19570,0.19200
forest,0.14620,0.21790,0.10110,0.17750,0.36620,0.33940,0.29550,0.17010,0.14620,0.17190,0.18700
other,0.21660,0.27200,0.10120,0.15450,0.28090,0.29510,0.27100,0.20630,0.18120,0.18910,0.19750
other,0.17490,0.25930,0.10120,0.18220,0.40320,0.40580,0.34000,0.19660,0.16020,0.18530,0.19460
other,0.18040,0.25570,0.10120,0.18220,0.36750,0.38200,0.33470,0.19060,0.16370,0.18500,0.19610
other,0.17120,0.25650,0.10120,0.18220,0.42320,0.41350,0.33840,0.19390,0.15990,0.18630,0.19470
other,0.19560,0.26340,0.10130,0.17610,0.36730,0.33870,0.29890,0.20440,0.16860,0.18760,0.19520
other,0.20190,0.27630,0.10130,0.17610,0.33270,0.33800,0.30270,0.20470,0.17400,0.18490,0.19680
other,0.20160,0.25920,0.10130,0.16300,0.30320,0.30850,0.29000,0.20480,0.18940,0.19270,0.20360
tea,0.15310,0.24430,0.10130,0.18430,0.43980,0.44650,0.36990,0.20350,0.15390,0.19000,0.19300
other,0.23570,0.31390,0.10130,0.19260,0.41340,0.38760,0.33560,0.22690,0.18900,0.20910,0.21530
forest,0.14820,0.21820,0.10100,0.17110,0.35050,0.35190,0.30360,0.17700,0.15300,0.17470,0.19130
other,0.19790,0.25930,0.10110,0.16190,0.31360,0.31840,0.28910,0.19320,0.17250,0.18850,0.19990
other,0.23520,0.29540,0.10110,0.16370,0.33510,0.33450,0.29770,0.20950,0.16620,0.18830,0.19780
other,0.22070,0.28080,0.10120,0.16390,0.29600,0.31120,0.28240,0.20790,0.18960,0.20040,0.21100
other,0.21000,0.27390,0.10110,0.16190,0.32110,0.32900,0.29810,0.20180,0.17280,0.18710,0.20160
other,0.18470,0.24840,0.10110,0.16190,0.32890,0.32890,0.28980,0.19060,0.16490,0.18570,0.19810
other,0.24470,0.30480,0.10110,0.16370,0.32690,0.33180,0.30320,0.24370,0.21310,0.20970,0.20880
other,0.23530,0.29090,0.10130,0.16400,0.29720,0.31340,0.28820,0.21870,0.18650,0.19610,0.20410
other,0.21990,0.27320,0.10110,0.16430,0.31470,0.32770,0.27870,0.20400,0.18100,0.19360,0.20190
other,0.19830,0.25680,0.10110,0.16190,0.33590,0.33680,0.29270,0.20050,0.16430,0.18660,0.19770
forest,0.17150,0.25850,0.10110,0.17960,0.36280,0.36550,0.31530,0.19180,0.15770,0.17940,0.19500
other,0.23830,0.30360,0.10110,0.16980,0.34970,0.32820,0.30650,0.21540,0.17910,0.19490,0.20380
forest,0.18130,0.28210,0.10110,0.18190,0.39950,0.39190,0.32820,0.19910,0.16270,0.18190,0.19510
tea,0.17540,0.25290,0.10110,0.17030,0.33050,0.32670,0.28450,0.18340,0.15840,0.18100,0.19540
tea,0.19430,0.28670,0.10110,0.17830,0.38350,0.36950,0.32670,0.19920,0.16450,0.18900,0.19670
forest,0.14230,0.21160,0.10100,0.17900,0.35330,0.36660,0.30730,0.17800,0.15270,0.17310,0.18940
forest,0.12820,0.18460,0.10100,0.17450,0.31580,0.31300,0.26930,0.16460,0.14690,0.16920,0.18770
forest,0.13640,0.20550,0.10110,0.17110,0.33930,0.35340,0.30220,0.18400,0.14810,0.17160,0.18810
forest,0.12690,0.17520,0.10090,0.15710,0.29620,0.29190,0.25070,0.16330,0.14530,0.16860,0.18650
forest,0.13510,0.19620,0.10110,0.16570,0.33150,0.32980,0.28060,0.16790,0.14900,0.17030,0.18850
forest,0.14590,0.20810,0.10110,0.16850,0.30930,0.31280,0.27480,0.16740,0.14600,0.16930,0.18600
forest,0.15610,0.23230,0.10110,0.17520,0.40100,0.37000,0.31640,0.18110,0.15430,0.18000,0.19100
forest,0.14970,0.23070,0.10100,0.17710,0.38420,0.37550,0.33220,0.19390,0.15090,0.17440,0.18790
forest,0.15190,0.22810,0.10100,0.17590,0.33750,0.33500,0.28550,0.17520,0.14990,0.17990,0.18850
forest,0.12460,0.16110,0.10110,0.14840,0.24350,0.22300,0.20570,0.15070,0.14320,0.16630,0.18530
forest,0.15300,0.22430,0.10110,0.17830,0.33020,0.31540,0.27960,0.17990,0.15130,0.17580,0.18890
forest,0.14880,0.22290,0.10110,0.16640,0.32490,0.32360,0.28580,0.18130,0.15060,0.17620,0.18970
tea,0.16640,0.26470,0.10110,0.20740,0.43060,0.44480,0.37380,0.20520,0.15140,0.18630,0.19050
tea,0.19830,0.30110,0.10110,0.20080,0.42100,0.41450,0.34320,0.20280,0.15930,0.18500,0.19030
tea,0.15760,0.26100,0.10110,0.20910,0.47310,0.47070,0.39430,0.20870,0.14880,0.19210,0.19060
tea,0.20180,0.28890,0.10110,0.18290,0.35400,0.35790,0.30560,0.19310,0.16080,0.18140,0.19040
tea,0.18660,0.29690,0.10110,0.22080,0.48310,0.47170,0.39940,0.22320,0.15560,0.19710,0.19170
tea,0.20550,0.30980,0.10130,0.21060,0.44820,0.45210,0.37920,0.21850,0.16030,0.19250,0.19340
tea,0.17170,0.26700,0.10100,0.20040,0.39470,0.39450,0.34390,0.19970,0.15010,0.18270,0.18730
tea,0.18140,0.27460,0.10110,0.19130,0.42690,0.41470,0.35290,0.20920,0.15580,0.19070,0.19210
forest,0.14360,0.22270,0.10110,0.18720,0.38850,0.38980,0.32610,0.17870,0.14830,0.17100,0.18490
forest,0.13850,0.19650,0.10110,0.17310,0.30800,0.31740,0.26850,0.16750,0.14410,0.16670,0.18320
forest,0.14780,0.21610,0.10100,0.15980,0.32810,0.31140,0.26580,0.16530,0.14680,0.17370,0.18810
forest,0.14180,0.21250,0.10110,0.19210,0.37020,0.36640,0.30660,0.17470,0.14810,0.17080,0.18640
forest,0.15190,0.23250,0.10110,0.18900,0.38120,0.38260,0.32550,0.18350,0.15160,0.17250,0.18850
forest,0.13810,0.20060,0.10110,0.17280,0.32940,0.34880,0.29620,0.17320,0.14580,0.16970,0.18490
forest,0.24030,0.33000,0.10120,0.20070,0.32810,0.33440,0.30100,0.21280,0.18510,0.18890,0.19500
other,0.24060,0.35080,0.10110,0.19110,0.36500,0.36490,0.31910,0.21820,0.18520,0.19250,0.19970
other,0.22050,0.32850,0.10110,0.19040,0.36250,0.36550,0.32580,0.21910,0.17150,0.18670,0.19530
other,0.21210,0.28910,0.10110,0.18890,0.36000,0.36970,0.31550,0.21300,0.19920,0.19950,0.20170
other,0.22620,0.31340,0.10120,0.17380,0.30320,0.30170,0.26990,0.21710,0.19820,0.19150,0.20220
other,0.21920,0.29960,0.10110,0.17150,0.30890,0.30900,0.27490,0.21990,0.20300,0.18880,0.20020
other,0.23230,0.32740,0.10130,0.17570,0.29370,0.29010,0.26040,0.21490,0.18980,0.18590,0.19960
forest,0.14060,0.21270,0.10120,0.19170,0.37130,0.37420,0.32390,0.17740,0.14860,0.17060,0.18760
forest,0.13310,0.17870,0.10090,0.14450,0.27780,0.28370,0.24560,0.16720,0.14930,0.17110,0.18860
forest,0.13070,0.17850,0.10090,0.15650,0.26290,0.26790,0.23550,0.16370,0.14700,0.16700,0.18580
tea,0.18950,0.28330,0.10120,0.18530,0.38190,0.41080,0.34170,0.19950,0.16290,0.18820,0.19570
tea,0.19270,0.29750,0.10130,0.19460,0.42350,0.42600,0.35170,0.20360,0.16250,0.19010,0.19790
tea,0.15950,0.26410,0.10130,0.18070,0.46800,0.46840,0.38020,0.20700,0.15530,0.19090,0.19360
tea,0.20450,0.30900,0.10110,0.19310,0.39710,0.39970,0.33550,0.20360,0.16700,0.18920,0.19800
tea,0.16520,0.27440,0.10110,0.21130,0.49580,0.50590,0.41740,0.21710,0.15490,0.19660,0.19510
tea,0.20180,0.28430,0.10120,0.18950,0.36970,0.37210,0.32830,0.21280,0.17440,0.19450,0.19980
tea,0.19690,0.28940,0.10130,0.18220,0.37200,0.37530,0.31950,0.19640,0.16710,0.18670,0.19910
tea,0.19500,0.29140,0.10120,0.18030,0.38720,0.38290,0.31980,0.19680,0.16410,0.18660,0.19760
tea,0.19060,0.28870,0.10130,0.18940,0.39690,0.40590,0.33140,0.19880,0.16420,0.18690,0.19770
tea,0.18830,0.25250,0.10120,0.16600,0.30890,0.32330,0.28740,0.19370,0.16510,0.18580,0.19580
tea,0.20570,0.27840,0.10120,0.17680,0.35900,0.36410,0.32360,0.21240,0.16850,0.19410,0.19900
tea,0.16000,0.26520,0.10110,0.20890,0.46630,0.49170,0.39680,0.20720,0.15430,0.19300,0.19350
tea,0.15530,0.26010,0.10110,0.20840,0.48670,0.49470,0.39630,0.20490,0.15160,0.19100,0.19310
tea,0.15740,0.25690,0.10110,0.19800,0.46300,0.46720,0.37950,0.20380,0.15470,0.18940,0.19200
tea,0.18370,0.27150,0.10110,0.19570,0.46730,0.45620,0.37230,0.21750,0.15870,0.19710,0.19610
tea,0.16310,0.25630,0.10110,0.19930,0.44670,0.44360,0.36450,0.19860,0.15610,0.18750,0.19280
tea,0.15460,0.24680,0.10110,0.19620,0.44880,0.45500,0.34920,0.17830,0.15170,0.17920,0.19310
other,0.20190,0.27120,0.10110,0.18470,0.28450,0.33600,0.29050,0.21110,0.20160,0.18690,0.20140
other,0.22610,0.30320,0.10110,0.18960,0.31540,0.33200,0.29430,0.21220,0.21020,0.21570,0.21560
tea,0.15740,0.25590,0.10120,0.20160,0.46580,0.46140,0.36860,0.20000,0.15540,0.18630,0.19370
other,0.18500,0.25770,0.10100,0.16710,0.33760,0.34690,0.30030,0.19290,0.17510,0.18850,0.19990
other,0.22040,0.28510,0.10110,0.17520,0.31510,0.32510,0.30050,0.21580,0.18710,0.19400,0.20220
other,0.21860,0.27940,0.10130,0.17330,0.29720,0.32790,0.30070,0.21930,0.19590,0.19330,0.20320
forest,0.13290,0.19180,0.10110,0.17170,0.32510,0.34260,0.29210,0.17150,0.15000,0.17290,0.19050
forest,0.15310,0.23240,0.10110,0.18120,0.35430,0.35720,0.30960,0.18040,0.15520,0.17530,0.19220
other,0.21440,0.28040,0.10120,0.17050,0.31050,0.33230,0.29480,0.21190,0.19320,0.19380,0.20170
other,0.17700,0.25520,0.10120,0.17790,0.35910,0.35230,0.30970,0.19480,0.16760,0.18510,0.19740
other,0.21110,0.27940,0.10110,0.17750,0.31070,0.33530,0.30440,0.21300,0.18850,0.19450,0.20160
forest,0.16130,0.24340,0.10120,0.18030,0.36090,0.36820,0.31620,0.18940,0.16000,0.17890,0.19470
forest,0.18230,0.27490,0.10130,0.18250,0.38070,0.38450,0.32570,0.19830,0.16350,0.18350,0.19650
other,0.21210,0.28800,0.10130,0.17820,0.32060,0.34320,0.30540,0.20900,0.17660,0.19180,0.20740
other,0.21550,0.28150,0.10140,0.17340,0.28390,0.33180,0.29600,0.21250,0.18740,0.19470,0.20150
tea,0.15700,0.26670,0.10130,0.20670,0.52320,0.52290,0.41470,0.21050,0.15430,0.19480,0.19370
other,0.21120,0.28410,0.10100,0.17700,0.34410,0.35760,0.31210,0.21310,0.19120,0.19650,0.20250
tea,0.16270,0.25570,0.10110,0.19830,0.44130,0.44600,0.36510,0.19770,0.15520,0.18740,0.19540
other,0.26250,0.39640,0.10120,0.17460,0.33230,0.33330,0.29430,0.23120,0.20060,0.19890,0.20770
forest,0.14510,0.21890,0.10110,0.17990,0.36760,0.37100,0.31420,0.17970,0.15220,0.17450,0.19130
forest,0.15070,0.22790,0.10100,0.17910,0.36270,0.36770,0.31340,0.18630,0.15630,0.17780,0.19580
forest,0.15280,0.21990,0.10090,0.17200,0.34240,0.34120,0.30000,0.17880,0.15820,0.17850,0.19620
other,0.21420,0.27030,0.10110,0.17500,0.31530,0.32550,0.29450,0.22210,0.19510,0.19560,0.20400
forest,0.13730,0.19290,0.10110,0.16690,0.29880,0.30730,0.26600,0.16850,0.14890,0.17110,0.18900
forest,0.17330,0.26750,0.10110,0.19080,0.37670,0.38270,0.32490,0.19850,0.16310,0.18190,0.19470
forest,0.14490,0.21730,0.10110,0.17580,0.35740,0.36050,0.30870,0.17720,0.15300,0.17580,0.19250
tea,0.16320,0.25850,0.10110,0.19370,0.45750,0.45360,0.36460,0.19830,0.15270,0.18660,0.19440
tea,0.16660,0.26450,0.10110,0.19250,0.43170,0.42640,0.35490,0.20110,0.15720,0.19060,0.19400
tea,0.15850,0.26740,0.10110,0.20930,0.49210,0.49770,0.41040,0.21760,0.15540,0.19880,0.19360
tea,0.15670,0.25980,0.10100,0.20720,0.46910,0.47220,0.37420,0.19970,0.15210,0.18730,0.19250
tea,0.15110,0.24930,0.10110,0.20250,0.47150,0.48190,0.39000,0.20870,0.15310,0.19150,0.19210
tea,0.15530,0.24590,0.10100,0.19430,0.43930,0.44660,0.36450,0.19240,0.15380,0.18510,0.19320
other,0.21380,0.28520,0.10100,0.19700,0.39210,0.39790,0.33460,0.21600,0.18270,0.20770,0.21460
tea,0.17490,0.29030,0.10110,0.20160,0.46760,0.48660,0.40050,0.22510,0.16170,0.20330,0.19760
tea,0.22570,0.32880,0.10110,0.16790,0.31060,0.31230,0.27370,0.20390,0.18640,0.18730,0.20180
other,0.22610,0.31260,0.10090,0.18620,0.32250,0.33870,0.29470,0.21230,0.19030,0.19610,0.20660
forest,0.14250,0.21410,0.10110,0.19190,0.37410,0.36260,0.30870,0.17680,0.15160,0.17690,0.19390
forest,0.14460,0.20650,0.10130,0.15960,0.29380,0.30280,0.26310,0.17230,0.15180,0.17340,0.19100
tea,0.18020,0.27770,0.10110,0.17940,0.40440,0.40690,0.33950,0.20180,0.16080,0.18940,0.19520
tea,0.16290,0.26170,0.10130,0.19230,0.43860,0.44710,0.37060,0.20370,0.15780,0.18860,0.19500
tea,0.17950,0.27480,0.10110,0.20310,0.44110,0.42220,0.34750,0.20140,0.15560,0.18950,0.19460
tea,0.15550,0.26310,0.10100,0.21040,0.49110,0.50520,0.40150,0.20610,0.15320,0.19300,0.19430
forest,0.18480,0.26230,0.10110,0.15830,0.31050,0.30930,0.27160,0.18790,0.15880,0.18020,0.19440
other,0.20980,0.29810,0.10110,0.18480,0.35830,0.36660,0.32920,0.20870,0.17810,0.19340,0.20110
other,0.22740,0.29950,0.10110,0.17920,0.31790,0.35040,0.31400,0.22200,0.19840,0.19970,0.20500
other,0.21780,0.28220,0.10120,0.17350,0.32770,0.33400,0.30090,0.21010,0.18070,0.19390,0.20340
other,0.21830,0.27320,0.10130,0.17160,0.31630,0.29670,0.27200,0.21920,0.19500,0.19830,0.20160
other,0.21280,0.26610,0.10120,0.16350,0.29650,0.30740,0.28370,0.22140,0.19950,0.19540,0.20310
other,0.19410,0.27450,0.10110,0.18480,0.32880,0.35620,0.31670,0.21110,0.19930,0.20330,0.20880
other,0.23870,0.29070,0.10120,0.16660,0.30760,0.31140,0.29030,0.24090,0.22130,0.20710,0.20930
other,0.22830,0.27960,0.10130,0.17130,0.28070,0.29800,0.27590,0.21110,0.18150,0.19290,0.20120
other,0.19200,0.24740,0.10110,0.16790,0.31490,0.30140,0.28560,0.20110,0.17190,0.18680,0.19920
other,0.26660,0.29910,0.10110,0.16060,0.29710,0.31430,0.29860,0.24200,0.23750,0.20270,0.21570
other,0.22020,0.27990,0.10110,0.16800,0.31860,0.32670,0.28530,0.20630,0.18650,0.19350,0.20090
forest,0.17790,0.25380,0.10110,0.16770,0.38100,0.35610,0.30910,0.19810,0.15710,0.17770,0.19510
forest,0.14280,0.21180,0.10110,0.19230,0.34910,0.36020,0.31670,0.17900,0.15210,0.17730,0.19170
forest,0.15470,0.22930,0.10110,0.17100,0.35410,0.34880,0.30500,0.18200,0.15790,0.17780,0.19430
forest,0.15830,0.24000,0.10110,0.18940,0.35840,0.36420,0.31420,0.18640,0.15660,0.17720,0.19360
other,0.22990,0.28840,0.10100,0.17630,0.30700,0.32560,0.28440,0.21390,0.18890,0.19730,0.22050
other,0.21970,0.28120,0.10110,0.17470,0.33800,0.32470,0.30890,0.21810,0.18510,0.19850,0.20840
forest,0.14860,0.22180,0.10100,0.18720,0.37640,0.38030,0.32260,0.18510,0.15690,0.17880,0.19450
forest,0.14130,0.20680,0.10130,0.17150,0.32460,0.34550,0.30260,0.18090,0.15180,0.17550,0.19020
tea,0.17140,0.27490,0.10110,0.17620,0.52080,0.49030,0.40080,0.21030,0.15950,0.19700,0.19630
tea,0.17310,0.27150,0.10110,0.18700,0.42770,0.44450,0.36910,0.21260,0.16230,0.19400,0.19750
tea,0.15320,0.23120,0.10100,0.17360,0.40320,0.36680,0.32450,0.18760,0.16120,0.18860,0.19670
tea,0.20350,0.29470,0.10130,0.18620,0.37360,0.36960,0.32760,0.20870,0.16510,0.19050,0.19720
tea,0.18720,0.27250,0.10110,0.17970,0.37260,0.37070,0.32730,0.21150,0.16500,0.19330,0.19740
other,0.19270,0.27540,0.10110,0.18590,0.34570,0.34770,0.31730,0.20490,0.17230,0.19130,0.19910
forest,0.15710,0.22430,0.10130,0.16980,0.36780,0.35850,0.30660,0.18260,0.15540,0.17720,0.19430
other,0.18740,0.25520,0.10120,0.16380,0.32640,0.32990,0.30130,0.19160,0.16270,0.18640,0.19700
other,0.25430,0.29350,0.10120,0.15800,0.26020,0.29740,0.27460,0.23090,0.21430,0.21610,0.23030
tea,0.16810,0.26800,0.10100,0.18160,0.44920,0.46090,0.37580,0.20420,0.15630,0.19000,0.19500
forest,0.15910,0.22830,0.10130,0.16500,0.29740,0.33370,0.27950,0.18240,0.15360,0.17790,0.19240
forest,0.15480,0.21590,0.10120,0.17000,0.29090,0.28040,0.24890,0.17190,0.15560,0.17600,0.19370
other,0.23060,0.28110,0.10110,0.16430,0.25700,0.29470,0.25850,0.21330,0.20610,0.19590,0.20760
other,0.19450,0.23300,0.10120,0.15600,0.26880,0.26510,0.24280,0.20170,0.20120,0.20140,0.20530
forest,0.14220,0.20820,0.10110,0.16500,0.34290,0.34670,0.29320,0.17800,0.15320,0.17450,0.19280
forest,0.15890,0.24180,0.10110,0.17650,0.35970,0.35880,0.31200,0.18630,0.15670,0.17990,0.19430
other,0.21480,0.29640,0.10110,0.18190,0.32420,0.33190,0.29690,0.21160,0.19130,0.19370,0.20090
forest,0.16790,0.23800,0.10110,0.16860,0.33100,0.32940,0.29080,0.18210,0.15410,0.17560,0.19180
other,0.27380,0.38210,0.10130,0.17460,0.34280,0.34020,0.29550,0.22470,0.18510,0.19170,0.20120
other,0.24020,0.33380,0.10130,0.19060,0.34130,0.35390,0.32220,0.22190,0.20670,0.19760,0.20120
forest,0.17480,0.26050,0.10120,0.17870,0.37820,0.37470,0.31360,0.18780,0.15410,0.17590,0.19240
forest,0.22880,0.32210,0.10110,0.17770,0.33950,0.34570,0.31050,0.21720,0.18030,0.19570,0.19900
other,0.25860,0.33010,0.10120,0.18170,0.31970,0.33110,0.30660,0.23580,0.21470,0.20190,0.20430
other,0.23920,0.31050,0.10130,0.17870,0.31740,0.34340,0.31440,0.21990,0.20700,0.19960,0.20590
other,0.25680,0.35070,0.10110,0.18280,0.35330,0.35050,0.31590,0.24010,0.19970,0.20550,0.20580
other,0.19000,0.26430,0.10120,0.17150,0.32220,0.33170,0.30350,0.19330,0.17440,0.18640,0.19760
tea,0.22460,0.32470,0.10110,0.16550,0.29380,0.31480,0.27260,0.19950,0.18380,0.18630,0.20040
tea,0.18030,0.28110,0.10110,0.18700,0.38880,0.39250,0.33460,0.19660,0.16090,0.18520,0.19480
tea,0.22010,0.31730,0.10110,0.16890,0.32100,0.32650,0.27840,0.19850,0.18500,0.18880,0.20160
tea,0.18400,0.28690,0.10110,0.18410,0.39780,0.41280,0.33970,0.20000,0.16040,0.18670,0.19620
tea,0.22400,0.32410,0.10110,0.16510,0.31900,0.32170,0.27740,0.20300,0.18770,0.18840,0.20460
tea,0.18150,0.27800,0.10110,0.17870,0.38710,0.38340,0.32230,0.19280,0.15940,0.18490,0.19590
tea,0.22780,0.32710,0.10120,0.16940,0.30320,0.30070,0.26490,0.20260,0.18830,0.18690,0.20120
tea,0.20440,0.30020,0.10110,0.17580,0.37880,0.36790,0.31460,0.19820,0.16480,0.18520,0.19760
tea,0.20860,0.30300,0.10130,0.17560,0.35790,0.36020,0.30660,0.19950,0.16980,0.18550,0.19900
tea,0.16720,0.27420,0.10110,0.20520,0.46110,0.46660,0.39570,0.21450,0.15530,0.19530,0.19400
tea,0.24570,0.34500,0.10110,0.17600,0.28800,0.28170,0.25160,0.20450,0.19110,0.19030,0.20350
forest,0.22110,0.29600,0.10110,0.18240,0.29940,0.30310,0.27710,0.20050,0.17920,0.18490,0.19890
tea,0.17390,0.27350,0.10110,0.20540,0.43270,0.42520,0.36310,0.21130,0.15560,0.19550,0.19420
tea,0.20280,0.29220,0.10110,0.18070,0.36080,0.35730,0.30370,0.18960,0.16240,0.18470,0.19650
tea,0.16570,0.26520,0.10120,0.19940,0.42340,0.44100,0.37210,0.21010,0.15960,0.19680,0.19730
tea,0.18160,0.27990,0.10120,0.19470,0.43110,0.44300,0.36630,0.20490,0.16190,0.19140,0.19750
tea,0.15530,0.24860,0.10110,0.19460,0.44150,0.45360,0.37170,0.21110,0.15630,0.19430,0.19670
tea,0.16900,0.27480,0.10110,0.19880,0.43680,0.45620,0.37720,0.20880,0.15990,0.19300,0.19530
tea,0.17350,0.27290,0.10130,0.17990,0.36550,0.39850,0.34930,0.20560,0.16280,0.19060,0.19740
tea,0.19110,0.28500,0.10110,0.19080,0.39860,0.39680,0.33480,0.20020,0.16150,0.18870,0.19650
other,0.22820,0.32320,0.10110,0.17100,0.34720,0.33510,0.28510,0.19590,0.17010,0.18450,0.19690
tea,0.19670,0.28440,0.10110,0.17980,0.37680,0.36810,0.30780,0.18900,0.16150,0.18300,0.19600
tea,0.19370,0.27810,0.10110,0.17150,0.33470,0.34470,0.30180,0.19830,0.16320,0.18840,0.19720
tea,0.21990,0.30550,0.10120,0.17500,0.38090,0.38350,0.33760,0.20440,0.17570,0.18930,0.20200
tea,0.16940,0.27440,0.10120,0.19390,0.45280,0.46740,0.38950,0.21420,0.16010,0.19560,0.19690
forest,0.14710,0.22830,0.10090,0.18180,0.36120,0.36520,0.31280,0.18100,0.15070,0.17560,0.18960
forest,0.13810,0.20560,0.10100,0.18170,0.35630,0.35960,0.30760,0.17500,0.14980,0.17110,0.18890
forest,0.16340,0.25420,0.10110,0.19570,0.36340,0.37730,0.32740,0.19010,0.15750,0.17600,0.19030
forest,0.12380,0.17040,0.10090,0.15430,0.29420,0.30150,0.25610,0.15620,0.14390,0.16580,0.18440
other,0.25520,0.35180,0.10120,0.17610,0.33260,0.33580,0.30190,0.25020,0.21680,0.20430,0.20430
other,0.30840,0.37140,0.10120,0.18100,0.33350,0.31460,0.28000,0.23590,0.21030,0.20690,0.21570
other,0.25270,0.35220,0.10130,0.18350,0.34450,0.33750,0.30150,0.22580,0.19150,0.19590,0.20460
other,0.22480,0.28610,0.10120,0.17790,0.32010,0.33480,0.29640,0.20860,0.19970,0.20770,0.20920
other,0.22980,0.30420,0.10110,0.18570,0.33030,0.36690,0.31830,0.21540,0.20250,0.21840,0.22050
other,0.21400,0.28160,0.10110,0.17780,0.38670,0.37430,0.32970,0.20630,0.17910,0.19940,0.19630
other,0.21540,0.28390,0.10110,0.18230,0.33720,0.32260,0.29950,0.21630,0.20810,0.20280,0.20610
other,0.23580,0.31820,0.10100,0.17730,0.35160,0.34740,0.31100,0.22240,0.18570,0.19630,0.20050
other,0.23110,0.31970,0.10110,0.19350,0.35410,0.34920,0.31550,0.21610,0.17330,0.19520,0.19870
forest,0.16190,0.23680,0.10110,0.17990,0.34260,0.35000,0.30310,0.18720,0.15940,0.17750,0.19360
forest,0.14010,0.20430,0.10110,0.17170,0.31800,0.32100,0.27510,0.16900,0.14980,0.17120,0.18980
forest,0.13350,0.19540,0.10110,0.17750,0.35110,0.35910,0.30320,0.16960,0.14650,0.16860,0.18610
other,0.21990,0.29840,0.10090,0.16540,0.30630,0.30850,0.28010,0.21830,0.18960,0.19030,0.19550
forest,0.14680,0.21020,0.10100,0.16990,0.31010,0.31240,0.27380,0.17280,0.14970,0.17070,0.18810
forest,0.13470,0.20070,0.10100,0.18180,0.36390,0.36190,0.31050,0.17230,0.14890,0.17200,0.18920
other,0.22950,0.30050,0.10120,0.17920,0.30940,0.34640,0.31510,0.22530,0.20610,0.20410,0.21070
other,0.22980,0.30610,0.10110,0.18200,0.32530,0.31620,0.28970,0.21790,0.20640,0.20030,0.20770
forest,0.15620,0.24150,0.10110,0.18840,0.38180,0.36750,0.31710,0.18720,0.15280,0.18010,0.18690
tea,0.18510,0.29400,0.10110,0.19520,0.42970,0.42750,0.35900,0.20650,0.16610,0.19210,0.19930
tea,0.16820,0.24470,0.10110,0.17790,0.34600,0.32970,0.28570,0.18560,0.17020,0.18780,0.19890
tea,0.20090,0.29080,0.10110,0.17810,0.35640,0.36950,0.32140,0.20550,0.16580,0.18720,0.19780
tea,0.19930,0.28990,0.10110,0.17560,0.34310,0.35270,0.31460,0.20040,0.16520,0.18800,0.19770
tea,0.16380,0.27350,0.10120,0.20770,0.45270,0.47530,0.39670,0.21960,0.15780,0.19730,0.19590
tea,0.16250,0.26680,0.10130,0.20270,0.46540,0.46670,0.38220,0.20410,0.15540,0.18930,0.19560
tea,0.16020,0.26330,0.10110,0.20270,0.48520,0.49810,0.40670,0.21040,0.15460,0.19390,0.19430
tea,0.16780,0.26740,0.10110,0.19480,0.44460,0.44590,0.36650,0.20260,0.15730,0.18950,0.19490
tea,0.16940,0.27360,0.10110,0.19890,0.44770,0.44680,0.37120,0.20470,0.15530,0.19050,0.19540
tea,0.19980,0.29270,0.10110,0.17740,0.36260,0.36200,0.30490,0.19350,0.16570,0.18580,0.19850
tea,0.17110,0.26780,0.10110,0.18800,0.41490,0.41590,0.35040,0.20480,0.15820,0.19090,0.19570
tea,0.16150,0.27220,0.10110,0.21020,0.50870,0.52420,0.41770,0.20570,0.15360,0.19080,0.19490
forest,0.14440,0.22760,0.10100,0.18830,0.40270,0.40290,0.33060,0.17950,0.15080,0.17700,0.18980
forest,0.17180,0.26540,0.10090,0.18980,0.37880,0.38090,0.32850,0.19260,0.16090,0.17880,0.19220
forest,0.14100,0.19610,0.10100,0.16130,0.28180,0.29540,0.25830,0.16720,0.15000,0.16990,0.18930
tea,0.16760,0.26590,0.10110,0.19380,0.42490,0.43080,0.35830,0.20260,0.15590,0.18870,0.19490
tea,0.16590,0.26250,0.10110,0.19150,0.41110,0.41760,0.35480,0.20120,0.15690,0.18800,0.19400
tea,0.16370,0.24150,0.10110,0.18740,0.38470,0.38970,0.32600,0.19500,0.15290,0.18440,0.19180
tea,0.15770,0.26010,0.10110,0.20180,0.46440,0.47390,0.38720,0.21030,0.15460,0.19160,0.19470
tea,0.16070,0.27290,0.10100,0.20740,0.50310,0.51070,0.41620,0.20950,0.15250,0.19250,0.19420
tea,0.15840,0.24470,0.10110,0.19690,0.46770,0.45460,0.37260,0.20300,0.15470,0.18920,0.19300
other,0.17840,0.25870,0.10110,0.18950,0.38360,0.41930,0.35720,0.21360,0.18930,0.20140,0.20270
other,0.19470,0.26890,0.10100,0.19210,0.32030,0.36860,0.32160,0.20500,0.19330,0.19550,0.20560
other,0.15770,0.20310,0.10110,0.16010,0.24720,0.27170,0.24470,0.17320,0.17710,0.19020,0.20430
other,0.18200,0.23170,0.10110,0.16470,0.25440,0.28450,0.25050,0.19270,0.19310,0.19620,0.20510
other,0.21150,0.28420,0.10110,0.16550,0.34800,0.36590,0.30260,0.19030,0.16130,0.18320,0.20470
other,0.22190,0.26500,0.10110,0.15970,0.26400,0.26530,0.24820,0.21030,0.20610,0.21410,0.22260
other,0.23440,0.29050,0.10100,0.15740,0.29590,0.29190,0.27230,0.22870,0.22590,0.21820,0.22050
other,0.21800,0.27600,0.10120,0.17100,0.30900,0.31520,0.28610,0.22470,0.21840,0.21500,0.21630
other,0.21850,0.28160,0.10120,0.17300,0.29630,0.33450,0.28960,0.22190,0.20000,0.20800,0.21370
other,0.25570,0.31720,0.10120,0.16090,0.29710,0.32290,0.29460,0.25090,0.22520,0.21020,0.21670
other,0.20910,0.28100,0.10110,0.17440,0.32250,0.35700,0.31090,0.21310,0.19940,0.21400,0.22200
other,0.20730,0.28340,0.10120,0.17590,0.29320,0.32340,0.29440,0.21450,0.19850,0.20560,0.21060
forest,0.16210,0.24500,0.10120,0.17510,0.33290,0.34760,0.29020,0.18270,0.15950,0.17970,0.19340
tea,0.16560,0.27390,0.10130,0.20050,0.44810,0.44980,0.37600,0.20790,0.15790,0.19030,0.19500
tea,0.16890,0.27520,0.10110,0.20080,0.44560,0.45410,0.37870,0.20690,0.15750,0.19110,0.19460
forest,0.14740,0.21880,0.10110,0.17840,0.34160,0.34690,0.29670,0.17810,0.15250,0.17410,0.19050
forest,0.14370,0.20910,0.10110,0.18410,0.34320,0.33690,0.29020,0.17450,0.15190,0.17490,0.18930
forest,0.14390,0.21320,0.10110,0.17340,0.32740,0.33710,0.29690,0.17520,0.15110,0.17390,0.19040
forest,0.14720,0.21500,0.10110,0.16570,0.34260,0.33760,0.29140,0.17580,0.15200,0.17450,0.19060
tea,0.15650,0.26010,0.10120,0.19420,0.46560,0.46500,0.38210,0.20170,0.15220,0.18690,0.19360
tea,0.17180,0.28020,0.10110,0.20260,0.50300,0.49660,0.39610,0.21270,0.15380,0.19080,0.19360
tea,0.15580,0.25640,0.10100,0.20520,0.48470,0.48850,0.40070,0.20530,0.15290,0.19080,0.19290
tea,0.15330,0.25140,0.10090,0.20610,0.47940,0.48680,0.39670,0.20550,0.15300,0.19140,0.19370
forest,0.15200,0.23200,0.10110,0.17840,0.36230,0.37170,0.31320,0.18120,0.14950,0.17380,0.18940
forest,0.13910,0.19300,0.10090,0.16630,0.28270,0.28610,0.25190,0.16540,0.14890,0.17060,0.19070
other,0.26340,0.34200,0.10110,0.17430,0.32230,0.33570,0.30450,0.23150,0.21150,0.21720,0.23290
other,0.20450,0.27930,0.10120,0.17970,0.30100,0.34490,0.30270,0.20890,0.20290,0.20980,0.21730
other,0.22430,0.29120,0.10130,0.16210,0.33110,0.34240,0.30270,0.21000,0.18890,0.19680,0.20940
other,0.33800,0.37360,0.10120,0.16340,0.38710,0.34360,0.26390,0.23630,0.23150,0.24680,0.28710
other,0.24920,0.30460,0.10130,0.16210,0.29400,0.31710,0.29180,0.23270,0.24600,0.22470,0.22630
other,0.19600,0.23000,0.10110,0.16140,0.22880,0.24700,0.23020,0.20660,0.20060,0.20270,0.21690
other,0.20630,0.24630,0.10110,0.16140,0.27080,0.28780,0.26340,0.21440,0.20990,0.21340,0.21850
forest,0.16320,0.25350,0.10110,0.18280,0.37090,0.37390,0.32340,0.18990,0.15730,0.17850,0.19380
other,0.21640,0.28270,0.10110,0.17000,0.27830,0.32280,0.30230,0.21230,0.19440,0.19320,0.20630
other,0.28460,0.33840,0.10120,0.17850,0.33480,0.33510,0.31320,0.24570,0.23440,0.20270,0.21180
other,0.20600,0.27070,0.10130,0.17670,0.31590,0.32650,0.28830,0.19950,0.17200,0.18910,0.20520
forest,0.14820,0.20750,0.10110,0.15900,0.29170,0.30580,0.26640,0.17420,0.15490,0.17270,0.18940
forest,0.16010,0.24390,0.10110,0.17830,0.35440,0.36000,0.31200,0.18740,0.15560,0.17690,0.19160
forest,0.15080,0.23430,0.10120,0.19020,0.37910,0.38100,0.32960,0.18320,0.15310,0.17510,0.19030
forest,0.18600,0.26880,0.10110,0.17000,0.33880,0.34500,0.29870,0.19420,0.16770,0.18020,0.19310
forest,0.16430,0.24850,0.10090,0.18910,0.36200,0.37330,0.32680,0.19150,0.15800,0.17780,0.19070
forest,0.15750,0.24370,0.10110,0.19240,0.38170,0.38730,0.33030,0.18860,0.15620,0.17770,0.19130
forest,0.16400,0.23850,0.10100,0.17010,0.30260,0.31830,0.28640,0.18500,0.15990,0.17840,0.19260
forest,0.13080,0.19070,0.10110,0.16340,0.31280,0.33510,0.27960,0.16720,0.14610,0.16920,0.19000
forest,0.13410,0.18850,0.10100,0.15970,0.29820,0.30520,0.26380,0.16880,0.15010,0.17060,0.18850
forest,0.14000,0.20030,0.10090,0.15340,0.30050,0.29980,0.26310,0.17070,0.15000,0.17110,0.19100
forest,0.17890,0.25780,0.10100,0.18040,0.33970,0.34200,0.30220,0.18740,0.16300,0.18130,0.19340
forest,0.15390,0.22720,0.10110,0.17540,0.33110,0.33740,0.28930,0.18050,0.15410,0.17360,0.19140
forest,0.21830,0.29270,0.10110,0.18500,0.34250,0.34230,0.30620,0.20280,0.16090,0.17930,0.19350
forest,0.14680,0.20880,0.10100,0.16580,0.30880,0.31460,0.27310,0.17340,0.15200,0.17240,0.18960
forest,0.14290,0.21530,0.10100,0.17570,0.35960,0.36230,0.31320,0.17910,0.15160,0.17360,0.19090
forest,0.14610,0.21320,0.10110,0.17200,0.33710,0.34700,0.30270,0.18020,0.15310,0.17400,0.19200
other,0.20390,0.30010,0.10100,0.18180,0.32880,0.35380,0.32100,0.21920,0.20680,0.19340,0.20100
tea,0.19670,0.29480,0.10110,0.18180,0.42490,0.38270,0.33050,0.20520,0.15870,0.18560,0.19570
other,0.19190,0.27580,0.10100,0.18070,0.33650,0.32820,0.29570,0.19200,0.15580,0.18180,0.19350
tea,0.15500,0.23700,0.10110,0.17770,0.39760,0.39550,0.34600,0.19350,0.15210,0.18510,0.19250
other,0.20860,0.27130,0.10110,0.17070,0.30820,0.34360,0.31400,0.20870,0.19550,0.20380,0.21360
other,0.20780,0.27490,0.10110,0.17530,0.26580,0.33250,0.28190,0.20490,0.18500,0.18800,0.20420
other,0.20760,0.27860,0.10110,0.16610,0.31900,0.34680,0.29800,0.20630,0.18760,0.19860,0.22060
other,0.22990,0.29740,0.10130,0.17460,0.33720,0.34240,0.31350,0.23340,0.22410,0.22420,0.23320
forest,0.13650,0.19740,0.10100,0.17250,0.33760,0.33930,0.29160,0.17300,0.14940,0.17390,0.19040
tea,0.17730,0.27840,0.10110,0.19020,0.43380,0.43350,0.35560,0.19660,0.15910,0.18850,0.19570
tea,0.19470,0.28970,0.10120,0.17990,0.41380,0.41200,0.34080,0.19830,0.15950,0.18450,0.19630
tea,0.19100,0.28460,0.10110,0.17990,0.37590,0.38050,0.31760,0.19650,0.16250,0.18670,0.19550
tea,0.16800,0.26860,0.10110,0.18550,0.46280,0.45240,0.37900,0.21060,0.15760,0.19190,0.19480
tea,0.19290,0.28140,0.10100,0.16740,0.41130,0.39060,0.34180,0.20470,0.16130,0.19050,0.19520
forest,0.14490,0.20890,0.10110,0.16340,0.29700,0.30200,0.26170,0.17070,0.14980,0.17040,0.19010
forest,0.12810,0.18410,0.10110,0.16120,0.32020,0.33340,0.27890,0.16660,0.14810,0.16890,0.18930
forest,0.14840,0.23010,0.10110,0.18100,0.39920,0.40160,0.33590,0.18190,0.15110,0.17670,0.19130
forest,0.14790,0.21770,0.10110,0.17180,0.33450,0.34360,0.29250,0.17550,0.15530,0.17460,0.19230
other,0.20130,0.27440,0.10110,0.16890,0.31870,0.33080,0.29900,0.21200,0.19310,0.19030,0.20050
other,0.26580,0.31870,0.10120,0.16510,0.28910,0.28620,0.24480,0.19990,0.19860,0.20920,0.23000
other,0.23730,0.28740,0.10110,0.17130,0.30190,0.31800,0.30150,0.26160,0.24470,0.21560,0.21110
tea,0.18520,0.24460,0.10110,0.16030,0.28410,0.30030,0.26490,0.18820,0.16790,0.18210,0.19450
tea,0.19590,0.27110,0.10110,0.17310,0.34430,0.34980,0.30760,0.19830,0.17170,0.18600,0.19890
other,0.23510,0.31970,0.10120,0.17950,0.32720,0.32640,0.29790,0.21880,0.19690,0.19330,0.20190
other,0.25230,0.31040,0.10120,0.16620,0.32020,0.32800,0.29470,0.25590,0.24610,0.23770,0.23610
other,0.25020,0.32480,0.10130,0.17290,0.32610,0.33590,0.28490,0.21090,0.21500,0.23410,0.25820
other,0.25590,0.30910,0.10130,0.16610,0.30140,0.30600,0.28670,0.23430,0.24740,0.20380,0.21820
other,0.24020,0.29460,0.10130,0.17740,0.29080,0.30250,0.28280,0.22570,0.19920,0.19810,0.20460
other,0.23130,0.28130,0.10130,0.17240,0.28680,0.29670,0.27540,0.22480,0.19940,0.19790,0.20540
other,0.24150,0.33380,0.10130,0.16240,0.31450,0.32020,0.29080,0.21680,0.19490,0.19800,0.20440
tea,0.21600,0.30730,0.10130,0.18560,0.33500,0.33250,0.29770,0.21190,0.16770,0.19490,0.19500
other,0.23020,0.26930,0.10120,0.15700,0.25760,0.28850,0.25460,0.23470,0.21620,0.21050,0.22050
forest,0.14700,0.21800,0.10110,0.16150,0.31770,0.33270,0.29210,0.18030,0.15380,0.17680,0.19170
other,0.21970,0.31330,0.10120,0.17000,0.32350,0.33390,0.30010,0.21080,0.18120,0.19600,0.20250
other,0.24490,0.33360,0.10130,0.17280,0.32410,0.32130,0.29350,0.21860,0.18700,0.19670,0.20380
forest,0.13830,0.20250,0.10110,0.16430,0.34230,0.34270,0.29350,0.17330,0.15190,0.17570,0.19310
forest,0.19720,0.26920,0.10120,0.17870,0.37910,0.35840,0.31300,0.19280,0.15550,0.17760,0.19560
forest,0.14370,0.21760,0.10110,0.17660,0.36650,0.36900,0.31760,0.18350,0.15360,0.17840,0.19180
forest,0.16810,0.25050,0.10110,0.17320,0.36490,0.37010,0.31920,0.19410,0.16170,0.18110,0.19510
forest,0.14990,0.23190,0.10110,0.17840,0.36510,0.37300,0.32280,0.18830,0.15790,0.18050,0.19430
other,0.24330,0.32270,0.10110,0.17780,0.34110,0.34020,0.31440,0.23930,0.20350,0.20850,0.20690
other,0.22630,0.29160,0.10120,0.17630,0.31520,0.33150,0.30890,0.21290,0.21290,0.21870,0.22920
other,0.21900,0.27390,0.10110,0.16890,0.28880,0.29660,0.27550,0.21130,0.18910,0.19100,0.20270
forest,0.15940,0.23330,0.10110,0.16740,0.29510,0.33500,0.28410,0.17920,0.15220,0.17190,0.19070
forest,0.17550,0.26080,0.10110,0.18060,0.39050,0.39270,0.33460,0.19950,0.15790,0.18130,0.19510
tea,0.18850,0.26020,0.10110,0.16450,0.31410,0.33020,0.28070,0.19410,0.17120,0.18410,0.19710
forest,0.13460,0.19610,0.10090,0.16920,0.33790,0.34360,0.29190,0.17300,0.14930,0.17350,0.19130
forest,0.13820,0.20090,0.10100,0.16660,0.33580,0.33810,0.28470,0.17310,0.15070,0.17110,0.18990
forest,0.14490,0.21550,0.10100,0.17690,0.35330,0.35570,0.30910,0.18490,0.15500,0.17780,0.19330
other,0.20560,0.27800,0.10120,0.17250,0.30780,0.34250,0.30470,0.21210,0.20070,0.19000,0.20110
other,0.24500,0.29890,0.10110,0.17720,0.34700,0.33500,0.32100,0.24290,0.27130,0.26650,0.26230
other,0.21830,0.27540,0.10120,0.17340,0.30190,0.32920,0.29300,0.22300,0.22690,0.21660,0.21850
other,0.21600,0.29040,0.10110,0.17460,0.32720,0.35060,0.31800,0.22820,0.20320,0.20380,0.20460
other,0.20710,0.28480,0.10090,0.17680,0.32470,0.35070,0.32330,0.21540,0.18720,0.19990,0.20510
other,0.21530,0.28250,0.10110,0.17240,0.32780,0.34870,0.30650,0.21180,0.20560,0.19120,0.20100
other,0.20290,0.28140,0.10120,0.17820,0.32820,0.35730,0.30950,0.20720,0.19080,0.20200,0.21320
other,0.21290,0.28740,0.10110,0.17460,0.33000,0.34000,0.31260,0.22230,0.18370,0.19770,0.20200
other,0.21340,0.27810,0.10130,0.17860,0.32290,0.32870,0.30070,0.21920,0.18980,0.19660,0.20170
other,0.18580,0.26300,0.10110,0.17320,0.33380,0.34800,0.30990,0.19960,0.16950,0.18910,0.20010
other,0.16630,0.24180,0.10110,0.17330,0.38700,0.37570,0.32120,0.19080,0.16140,0.18780,0.19590
other,0.16950,0.25680,0.10130,0.18070,0.42260,0.40130,0.32870,0.19210,0.16150,0.18650,0.19790
other,0.22100,0.28520,0.10100,0.17550,0.32570,0.32700,0.30200,0.22900,0.22450,0.20250,0.20900
other,0.23520,0.29300,0.10110,0.16790,0.30150,0.31020,0.29680,0.24120,0.23740,0.20000,0.20710
other,0.24400,0.35370,0.10110,0.18300,0.37420,0.37380,0.33560,0.22640,0.19280,0.20410,0.20500
forest,0.15270,0.22710,0.10110,0.17540,0.38400,0.37310,0.32830,0.18840,0.15690,0.17910,0.19360
forest,0.13280,0.18350,0.10100,0.16450,0.29900,0.30830,0.26850,0.17190,0.15010,0.17350,0.19040
forest,0.16530,0.24410,0.10120,0.17520,0.34530,0.34560,0.29950,0.18590,0.16190,0.17980,0.19560
tea,0.15800,0.26180,0.10110,0.19840,0.47200,0.47980,0.39860,0.21760,0.15560,0.19670,0.19550
tea,0.17570,0.29920,0.10110,0.21720,0.51080,0.50500,0.42660,0.22870,0.15890,0.20080,0.19760
tea,0.16600,0.27290,0.10110,0.20960,0.47540,0.47220,0.39520,0.21580,0.15540,0.19630,0.19480
tea,0.20920,0.31300,0.10120,0.19850,0.41540,0.40820,0.35840,0.20400,0.16950,0.18630,0.19950
tea,0.19560,0.30640,0.10130,0.20150,0.44930,0.43340,0.37710,0.22040,0.16520,0.19630,0.19710
tea,0.19670,0.28710,0.10120,0.18470,0.35000,0.35940,0.30790,0.19680,0.16570,0.18610,0.19670
tea,0.20130,0.29120,0.10100,0.18020,0.36300,0.35660,0.31390,0.20300,0.16660,0.18890,0.19710
tea,0.17150,0.28320,0.10110,0.20980,0.48030,0.48600,0.39560,0.20920,0.15740,0.19380,0.19650
tea,0.18510,0.27640,0.10110,0.18070,0.37010,0.37160,0.32160,0.19940,0.16040,0.18780,0.19500
forest,0.15730,0.23830,0.10110,0.18800,0.35380,0.35940,0.31900,0.18820,0.15550,0.17650,0.19200
other,0.20300,0.28130,0.10120,0.17580,0.31210,0.34900,0.31100,0.20430,0.18640,0.19120,0.20080
other,0.18210,0.24710,0.10110,0.18100,0.31420,0.33440,0.30440,0.19470,0.17710,0.19390,0.20550
other,0.21530,0.28140,0.10110,0.17710,0.32910,0.34230,0.30740,0.21910,0.21530,0.19920,0.21200
other,0.17940,0.25560,0.10110,0.17960,0.32810,0.33480,0.30210,0.19480,0.16490,0.18460,0.19720
tea,0.16000,0.26160,0.10110,0.19840,0.43780,0.45560,0.37280,0.20260,0.15250,0.18780,0.19400
other,0.25990,0.32180,0.10130,0.16950,0.31040,0.34390,0.31260,0.24460,0.22730,0.21250,0.21530
other,0.19890,0.25210,0.10120,0.17020,0.24180,0.30190,0.26810,0.19720,0.17970,0.19180,0.21010
tea,0.16960,0.25570,0.10110,0.16930,0.34280,0.36290,0.31500,0.18930,0.15670,0.17920,0.19290
tea,0.19180,0.27320,0.10100,0.16760,0.36280,0.35580,0.30830,0.19430,0.16450,0.18530,0.19760
other,0.24800,0.29330,0.10110,0.17120,0.32840,0.30720,0.29950,0.23980,0.23460,0.23080,0.23090
other,0.20180,0.25970,0.10110,0.16620,0.28780,0.31880,0.27940,0.19950,0.18180,0.18930,0.19980
other,0.24440,0.29970,0.10130,0.16910,0.31160,0.31960,0.27170,0.21620,0.21960,0.21790,0.25240
other,0.18960,0.25640,0.10110,0.17190,0.29240,0.34950,0.29710,0.19960,0.19340,0.20870,0.21480
tea,0.17540,0.28510,0.10130,0.19610,0.49090,0.47680,0.40250,0.22320,0.15820,0.19900,0.19660
tea,0.16320,0.26150,0.10100,0.18500,0.43790,0.44250,0.36300,0.20060,0.15750,0.18950,0.19390
tea,0.17980,0.28820,0.10110,0.19120,0.47180,0.47880,0.38830,0.21660,0.15880,0.19490,0.19660
forest,0.13900,0.19600,0.10110,0.16000,0.31310,0.30810,0.27320,0.17110,0.15020,0.17150,0.18890
other,0.23520,0.29200,0.10110,0.18200,0.34160,0.34020,0.31030,0.23630,0.22420,0.21710,0.21630
other,0.21060,0.27690,0.10110,0.17670,0.33860,0.37280,0.32670,0.21290,0.19030,0.19580,0.20330
other,0.22140,0.26920,0.10130,0.16660,0.30970,0.32440,0.29380,0.22430,0.23850,0.23080,0.24370
other,0.21260,0.26470,0.10110,0.17440,0.30610,0.31080,0.27660,0.21540,0.22650,0.21960,0.23680
other,0.18360,0.26280,0.10110,0.15880,0.29500,0.30150,0.26270,0.18890,0.16490,0.17650,0.19070
other,0.16810,0.24280,0.10120,0.16440,0.29430,0.29790,0.25790,0.18040,0.16230,0.17470,0.19280
tea,0.17280,0.29020,0.10110,0.20980,0.52570,0.52250,0.43230,0.22350,0.15710,0.20040,0.19620
forest,0.14260,0.20740,0.10110,0.16320,0.32750,0.33010,0.28490,0.17230,0.15090,0.17260,0.19160
forest,0.15520,0.24020,0.10110,0.17920,0.36690,0.37160,0.32160,0.18990,0.15550,0.17830,0.19310
forest,0.15360,0.22620,0.10130,0.17480,0.31410,0.33860,0.29000,0.17800,0.15350,0.17380,0.19100
other,0.20730,0.27420,0.10120,0.17260,0.29970,0.33030,0.30860,0.21180,0.18460,0.19020,0.19940
other,0.18080,0.25860,0.10110,0.17750,0.31370,0.35400,0.31580,0.19850,0.19380,0.20460,0.21780
other,0.21090,0.25880,0.10120,0.17670,0.29310,0.29840,0.27880,0.21660,0.19330,0.19400,0.20280
tea,0.16260,0.23870,0.10110,0.17070,0.35790,0.35220,0.30980,0.19110,0.15520,0.18360,0.19380
other,0.17210,0.23450,0.10100,0.17240,0.29260,0.33780,0.29400,0.19620,0.18200,0.19720,0.21060
other,0.20570,0.26940,0.10110,0.16630,0.29990,0.32740,0.29320,0.20420,0.20210,0.19510,0.20660
other,0.27260,0.33320,0.10110,0.16940,0.31840,0.31740,0.28900,0.23400,0.21670,0.22150,0.24720
other,0.25340,0.34790,0.10110,0.16940,0.29380,0.32010,0.28460,0.22480,0.20120,0.19460,0.20880
forest,0.15840,0.23390,0.10110,0.18110,0.34770,0.34450,0.29740,0.18230,0.15510,0.17640,0.19360
forest,0.13580,0.19800,0.10110,0.16500,0.32690,0.33460,0.29370,0.17500,0.15110,0.17260,0.19030
forest,0.13230,0.18580,0.10110,0.16180,0.28500,0.31000,0.25880,0.16700,0.14880,0.17220,0.18950
forest,0.16090,0.25380,0.10110,0.18370,0.38500,0.38980,0.32500,0.19510,0.15850,0.18110,0.19520
forest,0.15480,0.22660,0.10110,0.16910,0.31630,0.32590,0.28140,0.18200,0.15840,0.17830,0.19400
forest,0.17400,0.26230,0.10110,0.17970,0.34270,0.34570,0.31220,0.19900,0.16200,0.18310,0.19680
tea,0.18570,0.25630,0.10090,0.17550,0.32640,0.33920,0.31020,0.21550,0.17910,0.19720,0.20330
tea,0.18380,0.26290,0.10110,0.17110,0.35540,0.35760,0.30730,0.20300,0.17870,0.19550,0.20200
tea,0.19790,0.28050,0.10110,0.17740,0.31020,0.32830,0.30270,0.21850,0.18050,0.19870,0.20230
tea,0.20260,0.27390,0.10100,0.17410,0.30190,0.33060,0.30630,0.21880,0.19680,0.21050,0.21370
tea,0.19770,0.27440,0.10120,0.17360,0.32510,0.33000,0.30740,0.22100,0.18150,0.20640,0.20590
tea,0.20160,0.27840,0.10110,0.17020,0.32730,0.33760,0.31120,0.21850,0.17320,0.20080,0.20310
tea,0.21670,0.27630,0.10110,0.17090,0.26110,0.28400,0.26640,0.21150,0.19490,0.19630,0.20730
tea,0.22050,0.27490,0.10120,0.16790,0.28120,0.29090,0.27320,0.21810,0.18390,0.19690,0.20480
tea,0.22550,0.28500,0.10110,0.16780,0.29600,0.31390,0.29020,0.22520,0.20270,0.20700,0.21030
tea,0.21360,0.27590,0.10110,0.15620,0.32500,0.32090,0.29660,0.22300,0.18400,0.20050,0.20660
tea,0.21150,0.26720,0.10130,0.16810,0.31390,0.31020,0.28730,0.21740,0.18120,0.19820,0.20590
tea,0.20580,0.27870,0.10120,0.17410,0.34530,0.32790,0.29770,0.22350,0.17630,0.20060,0.20300
tea,0.20320,0.27080,0.10110,0.17190,0.31120,0.32120,0.29120,0.21190,0.17840,0.19390,0.20000
tea,0.19090,0.25700,0.10100,0.16650,0.29230,0.30520,0.28260,0.20850,0.18840,0.19590,0.20500
tea,0.20980,0.27450,0.10110,0.16700,0.31860,0.32910,0.30650,0.22240,0.19650,0.20370,0.20850
tea,0.19700,0.26500,0.10110,0.17190,0.30660,0.30810,0.28740,0.21150,0.17900,0.19440,0.20160
tea,0.18640,0.26410,0.10110,0.17190,0.31330,0.32480,0.29510,0.20870,0.17040,0.19220,0.19910
tea,0.19220,0.25150,0.10110,0.17070,0.28130,0.30230,0.27830,0.21020,0.17610,0.19530,0.20140
tea,0.18800,0.26310,0.10110,0.17070,0.28750,0.31820,0.29410,0.21220,0.18390,0.19060,0.19770
forest,0.12650,0.17210,0.10110,0.16020,0.29830,0.29990,0.25060,0.16610,0.14960,0.17240,0.19110
forest,0.12650,0.17920,0.10110,0.17000,0.30030,0.31320,0.26500,0.16650,0.14850,0.17090,0.18900
forest,0.15250,0.22840,0.10110,0.17620,0.34670,0.35520,0.31300,0.18250,0.15320,0.17460,0.19160
forest,0.14200,0.20540,0.10100,0.15860,0.29140,0.32230,0.29100,0.17620,0.15070,0.17380,0.19060
forest,0.13110,0.18630,0.10110,0.16990,0.33190,0.33350,0.28390,0.17100,0.14860,0.17110,0.18960
forest,0.14660,0.21550,0.10110,0.16270,0.31570,0.32850,0.28950,0.17970,0.15550,0.17690,0.19330
forest,0.14140,0.20430,0.10110,0.16030,0.32830,0.32880,0.28560,0.17230,0.15230,0.17510,0.19240
forest,0.13170,0.18520,0.10110,0.16690,0.32130,0.32460,0.27280,0.16690,0.15050,0.17250,0.18990
forest,0.13770,0.20050,0.10110,0.17180,0.32310,0.34040,0.28980,0.17150,0.14850,0.17270,0.19060
forest,0.13870,0.20010,0.10120,0.16210,0.29060,0.30450,0.26920,0.17160,0.15080,0.17370,0.19190
forest,0.13420,0.18570,0.10110,0.16670,0.24680,0.29990,0.24910,0.16570,0.14580,0.16770,0.18840
forest,0.14560,0.20760,0.10100,0.16870,0.33510,0.33520,0.28500,0.18110,0.15450,0.17650,0.19060
forest,0.13560,0.20340,0.10110,0.17960,0.34180,0.34490,0.29080,0.17370,0.15040,0.17390,0.19210
forest,0.13350,0.19110,0.10110,0.16660,0.31520,0.32700,0.27850,0.17140,0.14760,0.17240,0.19100
forest,0.15030,0.22110,0.10110,0.18070,0.35310,0.34530,0.29320,0.17390,0.15130,0.17360,0.19110
forest,0.13940,0.20560,0.10110,0.16700,0.34370,0.35010,0.29620,0.17890,0.15370,0.17640,0.19330
tea,0.20050,0.28120,0.10120,0.17600,0.34980,0.36270,0.31120,0.20670,0.17760,0.18810,0.19870
other,0.18580,0.26020,0.10130,0.17550,0.35810,0.34710,0.31440,0.20650,0.16660,0.19090,0.19790
other,0.24660,0.30550,0.10130,0.17420,0.33160,0.33570,0.31030,0.23830,0.22780,0.23400,0.23740
other,0.21850,0.28160,0.10120,0.17040,0.29600,0.32640,0.29710,0.22920,0.21400,0.20390,0.20510
tea,0.20910,0.28420,0.10110,0.17990,0.31980,0.32710,0.30000,0.20890,0.19020,0.19150,0.19980
tea,0.19980,0.27630,0.10110,0.17220,0.32550,0.31980,0.29990,0.21120,0.17040,0.18870,0.19750
tea,0.20500,0.29070,0.10110,0.17920,0.35000,0.35920,0.32060,0.21820,0.17440,0.19680,0.20090
tea,0.19750,0.27840,0.10100,0.17400,0.33530,0.33020,0.30560,0.21750,0.17080,0.19550,0.19900
forest,0.16680,0.24790,0.10110,0.17220,0.33670,0.34120,0.30730,0.19520,0.15200,0.17720,0.19230
water,0.10920,0.11710,0.10080,0.11380,0.15000,0.15860,0.15870,0.15150,0.15350,0.18260,0.20230
water,0.10990,0.12130,0.10100,0.15110,0.15560,0.16590,0.16130,0.15720,0.15960,0.18870,0.20310
water,0.10790,0.11600,0.10100,0.11460,0.15020,0.15860,0.15720,0.15080,0.15360,0.18140,0.20240
water,0.10630,0.11190,0.10080,0.11270,0.14450,0.15370,0.15290,0.14910,0.15380,0.18510,0.20660
water,0.10640,0.11170,0.10090,0.11300,0.14510,0.15370,0.15360,0.14970,0.15400,0.18000,0.20420
water,0.11480,0.13360,0.10090,0.15270,0.15460,0.19200,0.17560,0.16110,0.15740,0.18780,0.20650
water,0.10890,0.11760,0.10090,0.11560,0.15260,0.16170,0.15980,0.15270,0.15560,0.18420,0.20560
water,0.11190,0.12090,0.10080,0.11460,0.15420,0.16510,0.16400,0.15650,0.15890,0.18360,0.20610
water,0.12430,0.15040,0.10110,0.15440,0.16570,0.20640,0.19850,0.16880,0.16010,0.18830,0.20750
water,0.10570,0.11120,0.10080,0.11290,0.14390,0.15280,0.15230,0.14880,0.15310,0.18000,0.20230
water,0.10570,0.11120,0.10100,0.11310,0.14340,0.15200,0.15180,0.14970,0.15520,0.18610,0.20580
water,0.10470,0.11030,0.10080,0.11240,0.14240,0.15020,0.14990,0.14760,0.15180,0.17950,0.20180
water,0.10590,0.11090,0.10090,0.11280,0.14290,0.15150,0.15120,0.14790,0.15220,0.17910,0.20360
water,0.10860,0.11380,0.10080,0.11390,0.14630,0.15580,0.15480,0.15120,0.15500,0.18330,0.20610
water,0.10670,0.11120,0.10080,0.11360,0.14430,0.15320,0.15240,0.14960,0.15330,0.17970,0.20560
water,0.10560,0.11110,0.10090,0.11300,0.14340,0.15220,0.15120,0.14800,0.15280,0.18000,0.20360
water,0.10590,0.11240,0.10090,0.11300,0.14450,0.15290,0.15180,0.14920,0.15340,0.18540,0.20370
water,0.10570,0.11020,0.10100,0.11240,0.14170,0.14940,0.15000,0.14670,0.15130,0.18020,0.20160
water,0.10510,0.11070,0.10110,0.11230,0.14180,0.14990,0.14990,0.14740,0.15140,0.17850,0.20170
water,0.10770,0.11370,0.10090,0.11400,0.14550,0.15500,0.15410,0.15040,0.15520,0.18270,0.20540
water,0.11210,0.12010,0.10090,0.11630,0.15500,0.16400,0.16290,0.15650,0.15980,0.18870,0.21190
water,0.10610,0.11150,0.10090,0.11320,0.14450,0.15290,0.15300,0.14860,0.15190,0.18150,0.20220
water,0.10560,0.11110,0.10090,0.11290,0.14280,0.15190,0.15110,0.14850,0.15270,0.18270,0.20230
water,0.10600,0.11150,0.10080,0.11390,0.14630,0.15470,0.15280,0.15180,0.15760,0.19080,0.20500
water,0.10480,0.11110,0.10100,0.11300,0.14290,0.15160,0.15120,0.14750,0.15300,0.18120,0.20230
water,0.10810,0.11400,0.10080,0.11360,0.14620,0.15570,0.15450,0.15090,0.15470,0.18200,0.20600
water,0.10660,0.11280,0.10090,0.11360,0.14620,0.15520,0.15480,0.15010,0.15390,0.18760,0.20370
water,0.10670,0.11200,0.10090,0.11330,0.14460,0.15440,0.15290,0.15040,0.15470,0.18580,0.20460
water,0.10840,0.11490,0.10070,0.11410,0.14800,0.15720,0.15650,0.15270,0.15510,0.18400,0.20740
water,0.10590,0.11200,0.10090,0.11320,0.14560,0.15410,0.15360,0.15110,0.15580,0.18800,0.20400
water,0.10830,0.11530,0.10080,0.11330,0.14930,0.15820,0.15670,0.15020,0.15480,0.18430,0.20300
water,0.10660,0.11290,0.10080,0.11350,0.14630,0.15500,0.15430,0.14930,0.15380,0.18220,0.20550
water,0.10570,0.11190,0.10100,0.11350,0.14620,0.15370,0.15330,0.15270,0.15900,0.19280,0.20590
forest,0.14220,0.21220,0.10110,0.17470,0.33660,0.33490,0.29730,0.17930,0.15530,0.17750,0.19330
forest,0.14610,0.21820,0.10120,0.17300,0.33190,0.33350,0.29890,0.18440,0.15430,0.17660,0.19300
forest,0.14570,0.21720,0.10120,0.17870,0.33070,0.34750,0.29890,0.17900,0.15350,0.17420,0.19250
forest,0.14400,0.20940,0.10110,0.17410,0.32690,0.33210,0.28140,0.17460,0.15220,0.17560,0.19240
forest,0.15630,0.22850,0.10110,0.17430,0.33890,0.32970,0.29870,0.18580,0.15740,0.17970,0.19380
forest,0.19810,0.28870,0.10110,0.18280,0.32890,0.33410,0.29640,0.20600,0.18430,0.18710,0.19770
forest,0.14190,0.20130,0.10110,0.17090,0.29550,0.32060,0.27490,0.17430,0.15160,0.17170,0.19110
forest,0.13710,0.19970,0.10110,0.16830,0.31280,0.32570,0.28140,0.17500,0.15200,0.17540,0.19170
forest,0.13920,0.20390,0.10110,0.17600,0.33280,0.32820,0.28120,0.17090,0.15190,0.17500,0.19160
forest,0.14130,0.20690,0.10110,0.17240,0.34200,0.34050,0.28490,0.17460,0.15130,0.17320,0.19080
forest,0.15330,0.23580,0.10130,0.18440,0.38760,0.38470,0.32500,0.18880,0.15590,0.17870,0.19350
forest,0.15780,0.24560,0.10120,0.19250,0.41010,0.40970,0.33880,0.18910,0.15620,0.18030,0.19340
forest,0.15000,0.22460,0.10110,0.18080,0.39900,0.37380,0.32430,0.18130,0.15540,0.17730,0.19150
forest,0.13690,0.20020,0.10100,0.16820,0.35280,0.35490,0.30100,0.17660,0.15340,0.17600,0.19100
forest,0.15460,0.23220,0.10120,0.17700,0.35460,0.35750,0.31380,0.19020,0.15850,0.18220,0.19500
forest,0.14240,0.20810,0.10110,0.16950,0.33380,0.32430,0.28190,0.17100,0.15130,0.17270,0.19020
forest,0.15170,0.21460,0.10110,0.18090,0.27600,0.31870,0.27710,0.17520,0.15100,0.17110,0.19030
forest,0.14040,0.20490,0.10110,0.16140,0.32520,0.33430,0.28050,0.17310,0.15000,0.17350,0.19110
forest,0.14620,0.21660,0.10110,0.17550,0.33340,0.34240,0.30100,0.18130,0.15370,0.17630,0.19290
forest,0.13420,0.18610,0.10110,0.16500,0.32020,0.31680,0.26800,0.16910,0.14780,0.17100,0.19100
forest,0.16400,0.25790,0.10110,0.19080,0.40730,0.41250,0.34710,0.19530,0.15940,0.18050,0.19390
forest,0.12810,0.18000,0.10090,0.16820,0.32450,0.30830,0.26150,0.16700,0.15010,0.17460,0.19310
forest,0.14320,0.21070,0.10110,0.17050,0.35310,0.34270,0.30610,0.17400,0.15220,0.17630,0.19250
forest,0.16050,0.23910,0.10110,0.17380,0.33390,0.34760,0.31010,0.19380,0.16570,0.18260,0.19610
forest,0.14740,0.21660,0.10110,0.17070,0.32420,0.33580,0.28060,0.17710,0.15570,0.17540,0.19270
forest,0.15090,0.21540,0.10090,0.16280,0.32130,0.30580,0.26400,0.17440,0.15300,0.17210,0.19210
forest,0.13710,0.19640,0.10110,0.17230,0.32430,0.33720,0.28600,0.17170,0.15220,0.17460,0.19380
forest,0.13690,0.19780,0.10100,0.16660,0.31580,0.33280,0.28090,0.17280,0.15180,0.17330,0.19290
forest,0.16440,0.24990,0.10110,0.17430,0.35740,0.36360,0.32370,0.19660,0.16250,0.18160,0.19560
forest,0.14230,0.20910,0.10110,0.17970,0.34800,0.35360,0.30580,0.17760,0.15270,0.17580,0.19150
forest,0.18100,0.26970,0.10130,0.18200,0.34690,0.35480,0.31200,0.19610,0.16620,0.18210,0.19710
forest,0.14090,0.20460,0.10090,0.16220,0.31940,0.32450,0.28080,0.17220,0.15370,0.17560,0.19090
forest,0.14390,0.21640,0.10110,0.18750,0.40560,0.37420,0.32060,0.18330,0.15680,0.17860,0.19530
tea,0.17510,0.27400,0.10110,0.18920,0.45630,0.45300,0.37790,0.20710,0.15830,0.19020,0.19480
tea,0.17070,0.26700,0.10110,0.17660,0.46850,0.43020,0.35940,0.20550,0.15830,0.19260,0.19480
tea,0.15860,0.23690,0.10110,0.17750,0.35570,0.36050,0.31030,0.18960,0.15290,0.18370,0.19320
tea,0.17140,0.24340,0.10100,0.17190,0.38070,0.36420,0.31290,0.20390,0.15860,0.18730,0.19390
tea,0.18460,0.25020,0.10120,0.16680,0.31490,0.29090,0.26740,0.18800,0.15560,0.18250,0.19400
tea,0.18340,0.28070,0.10110,0.18540,0.38700,0.39950,0.33770,0.19300,0.16110,0.18440,0.19580
tea,0.17030,0.26150,0.10110,0.17820,0.39020,0.39430,0.33800,0.19490,0.15350,0.18410,0.19320
tea,0.18120,0.27640,0.10100,0.17930,0.41220,0.40030,0.33720,0.19380,0.15800,0.18420,0.19710
tea,0.16570,0.26570,0.10110,0.18300,0.44490,0.46110,0.38200,0.20810,0.15680,0.19170,0.19470
tea,0.18710,0.27270,0.10100,0.16830,0.35200,0.35340,0.31150,0.19970,0.16920,0.18970,0.19860
tea,0.16390,0.25950,0.10110,0.17580,0.40990,0.42100,0.35560,0.20180,0.15450,0.18700,0.19440
tea,0.16400,0.27390,0.10100,0.20160,0.47780,0.48960,0.40470,0.20810,0.15430,0.19140,0.19410
tea,0.15930,0.25540,0.10120,0.20150,0.45070,0.45730,0.37580,0.20220,0.15460,0.18940,0.19400
water,0.10500,0.11080,0.10070,0.11280,0.14380,0.15150,0.15110,0.14810,0.15260,0.17940,0.20260
water,0.10580,0.11090,0.10070,0.11230,0.14290,0.15150,0.15120,0.14830,0.15140,0.17970,0.20440
water,0.10670,0.11260,0.10090,0.11320,0.14630,0.15500,0.15300,0.15030,0.15350,0.18120,0.20430
water,0.10550,0.11110,0.10090,0.11290,0.14390,0.15150,0.15170,0.14810,0.15250,0.18140,0.20370
water,0.10620,0.11180,0.10090,0.11380,0.14560,0.15350,0.15280,0.14850,0.15270,0.18270,0.20360
water,0.10630,0.11160,0.10090,0.11300,0.14340,0.15230,0.15190,0.14870,0.15330,0.18010,0.20490
water,0.10610,0.11250,0.10090,0.11210,0.14560,0.15340,0.15370,0.15030,0.15430,0.18580,0.20480
water,0.10600,0.11180,0.10080,0.11350,0.14520,0.15440,0.15240,0.15130,0.15810,0.19180,0.20580
water,0.10660,0.11130,0.10080,0.11310,0.14400,0.15230,0.15240,0.14880,0.15240,0.17980,0.20440
water,0.10620,0.11280,0.10090,0.11390,0.14670,0.15610,0.15410,0.15080,0.15580,0.18730,0.20460
water,0.11020,0.11650,0.10080,0.11430,0.14820,0.15770,0.15690,0.15290,0.15660,0.18350,0.20590
water,0.11570,0.12850,0.10110,0.14780,0.15840,0.17190,0.16740,0.16080,0.16210,0.19100,0.21160
water,0.11120,0.11860,0.10070,0.11350,0.15190,0.16110,0.16070,0.15600,0.15960,0.18760,0.21090
water,0.11410,0.12380,0.10090,0.12630,0.15800,0.17160,0.16620,0.16010,0.16170,0.18960,0.21170
water,0.11490,0.12400,0.10110,0.14140,0.15670,0.15920,0.15900,0.15960,0.16280,0.18960,0.21320
water,0.16230,0.20300,0.10110,0.12380,0.24770,0.25040,0.23150,0.19450,0.17690,0.20100,0.21640
water,0.11100,0.11670,0.10100,0.11530,0.14980,0.15960,0.15770,0.15400,0.15850,0.18630,0.20770
water,0.10680,0.11180,0.10080,0.11360,0.14400,0.15360,0.15300,0.14930,0.15360,0.18190,0.20620
water,0.10530,0.11080,0.10080,0.11290,0.14280,0.15150,0.15170,0.14810,0.15170,0.17960,0.20330
water,0.11030,0.12370,0.10100,0.13860,0.15850,0.17190,0.16760,0.16010,0.15930,0.18820,0.20200
water,0.10860,0.11870,0.10090,0.11980,0.15820,0.16190,0.15830,0.15410,0.15890,0.18720,0.20360
water,0.11860,0.14140,0.10100,0.15110,0.15790,0.19860,0.18600,0.16440,0.15940,0.19010,0.20430
water,0.10950,0.12030,0.10090,0.11960,0.15690,0.16210,0.16430,0.15600,0.15880,0.18860,0.20350
water,0.13150,0.16930,0.10110,0.16330,0.20190,0.22880,0.21790,0.17080,0.15910,0.18490,0.20150
water,0.10820,0.11690,0.10090,0.11710,0.14920,0.15810,0.15570,0.15030,0.15310,0.18420,0.20240
water,0.10760,0.11460,0.10110,0.12150,0.14850,0.15690,0.15490,0.15030,0.15390,0.18640,0.20200
water,0.10900,0.11730,0.10100,0.14300,0.15710,0.15560,0.15890,0.15230,0.15790,0.18530,0.20190
water,0.12340,0.14920,0.10110,0.16240,0.19020,0.19500,0.17800,0.16590,0.16520,0.18930,0.20500
water,0.10840,0.11810,0.10090,0.12990,0.15180,0.16330,0.16010,0.15050,0.15380,0.18230,0.20290
water,0.11290,0.12810,0.10090,0.12440,0.15350,0.17940,0.17450,0.16070,0.16100,0.19240,0.20510
water,0.10650,0.11260,0.10090,0.11370,0.14720,0.15590,0.15450,0.15080,0.15470,0.18720,0.20440
water,0.10820,0.11430,0.10090,0.11350,0.14730,0.15650,0.15530,0.14970,0.15320,0.18040,0.20110
water,0.10800,0.11530,0.10080,0.11400,0.14890,0.15880,0.15630,0.15040,0.15320,0.18130,0.20250
water,0.10860,0.11630,0.10080,0.11390,0.15100,0.15820,0.15710,0.15070,0.15370,0.18200,0.20270
water,0.10650,0.11260,0.10090,0.11390,0.14700,0.15540,0.15430,0.15000,0.15340,0.18340,0.20110
water,0.10480,0.11140,0.10090,0.11300,0.14520,0.15520,0.15260,0.14920,0.15420,0.18290,0.20230
water,0.10610,0.11150,0.10090,0.11260,0.14490,0.15290,0.15180,0.14920,0.15320,0.18270,0.20190
water,0.10610,0.11280,0.10090,0.11350,0.14840,0.15660,0.15460,0.14990,0.15390,0.18630,0.20210
water,0.10710,0.11490,0.10080,0.11470,0.14900,0.15830,0.15540,0.15090,0.15560,0.18690,0.20260
water,0.10670,0.11220,0.10100,0.11340,0.14630,0.15510,0.15490,0.15110,0.15580,0.18510,0.20480
water,0.10680,0.11210,0.10080,0.11310,0.14550,0.15390,0.15420,0.15080,0.15460,0.18740,0.20620
water,0.10550,0.11110,0.10080,0.11280,0.14570,0.15430,0.15290,0.15110,0.15540,0.18720,0.20610
water,0.10540,0.11240,0.10080,0.11250,0.14620,0.15650,0.15500,0.15230,0.15790,0.19250,0.20630
water,0.10570,0.11160,0.10070,0.11300,0.14460,0.15350,0.15180,0.14970,0.15340,0.18180,0.20330
water,0.10610,0.11110,0.10090,0.11320,0.14400,0.15230,0.15240,0.14860,0.15300,0.18010,0.20370
water,0.10720,0.11200,0.10080,0.11300,0.14530,0.15440,0.15360,0.14920,0.15370,0.18180,0.20330
water,0.10720,0.11230,0.10090,0.11310,0.14570,0.15480,0.15390,0.15060,0.15410,0.18470,0.20570
water,0.10710,0.11260,0.10090,0.11350,0.14740,0.15650,0.15540,0.15190,0.15620,0.18360,0.20470
water,0.10620,0.11150,0.10080,0.11280,0.14400,0.15320,0.15190,0.14910,0.15310,0.17980,0.20470
water,0.10580,0.11200,0.10090,0.11290,0.14450,0.15370,0.15300,0.14920,0.15210,0.18040,0.20400
water,0.10670,0.11310,0.10070,0.11310,0.14570,0.15410,0.15340,0.14980,0.15390,0.18110,0.20530
water,0.10550,0.11070,0.10090,0.11250,0.14230,0.15130,0.15060,0.14760,0.15140,0.17920,0.20320
water,0.10510,0.11030,0.10090,0.11250,0.14330,0.15210,0.15110,0.14990,0.15570,0.18700,0.20590
water,0.13540,0.17580,0.10110,0.16690,0.16370,0.23380,0.21560,0.17600,0.16100,0.19180,0.20450
water,0.11860,0.14090,0.10110,0.14990,0.18330,0.19460,0.17870,0.16440,0.16210,0.19000,0.20550
water,0.12150,0.14470,0.10110,0.14990,0.20600,0.18840,0.18900,0.16380,0.16540,0.19110,0.20540
water,0.10770,0.11570,0.10090,0.11570,0.14820,0.15810,0.15680,0.15400,0.15750,0.19100,0.20510
water,0.10580,0.11210,0.10090,0.11290,0.14550,0.15300,0.15220,0.15190,0.15790,0.19130,0.20750
water,0.14380,0.19000,0.10100,0.14250,0.18290,0.26330,0.24440,0.17820,0.16000,0.18850,0.20330
water,0.13980,0.18660,0.10100,0.14250,0.18950,0.25870,0.24150,0.18140,0.15930,0.18900,0.20470
water,0.10640,0.11340,0.10090,0.11360,0.14840,0.15780,0.15450,0.15170,0.15540,0.18960,0.20490
water,0.10630,0.11260,0.10080,0.11370,0.14500,0.15350,0.15300,0.14940,0.15490,0.18610,0.20510
water,0.10580,0.11110,0.10090,0.11250,0.14290,0.15080,0.15020,0.14760,0.15150,0.18130,0.20240
water,0.10500,0.11070,0.10100,0.11250,0.14210,0.15010,0.15040,0.14750,0.15180,0.18100,0.20400
water,0.10500,0.11020,0.10070,0.11240,0.14120,0.15010,0.14930,0.14710,0.15090,0.17940,0.20310
water,0.10610,0.11110,0.10080,0.11230,0.14290,0.15160,0.15120,0.14700,0.15330,0.17920,0.20410
water,0.10570,0.11070,0.10090,0.11330,0.14290,0.15080,0.15050,0.14820,0.15150,0.17970,0.20400
water,0.10530,0.11060,0.10070,0.11260,0.14290,0.15150,0.15120,0.14740,0.15190,0.18140,0.20190
water,0.10810,0.11530,0.10080,0.11480,0.14880,0.15820,0.15720,0.15300,0.15570,0.18330,0.20640
water,0.10590,0.11160,0.10080,0.11280,0.14340,0.15240,0.15170,0.14810,0.15280,0.18290,0.20460
water,0.10580,0.11150,0.10090,0.11250,0.14340,0.15150,0.15120,0.14810,0.15250,0.17930,0.20410
water,0.10510,0.11070,0.10090,0.11240,0.14340,0.15150,0.15120,0.14820,0.15150,0.17930,0.20350
water,0.10540,0.11070,0.10090,0.11280,0.14290,0.15090,0.15080,0.14850,0.15320,0.18150,0.20400
water,0.10550,0.11120,0.10080,0.11280,0.14480,0.15360,0.15300,0.15230,0.15940,0.19500,0.20800
water,0.10580,0.11110,0.10080,0.11270,0.14380,0.15230,0.15180,0.14840,0.15160,0.18080,0.20350
water,0.10710,0.11240,0.10090,0.11320,0.14510,0.15370,0.15300,0.14980,0.15400,0.18080,0.20590
water,0.10570,0.11120,0.10090,0.11280,0.14280,0.15160,0.15120,0.14770,0.15210,0.18000,0.20340
water,0.10940,0.11580,0.10070,0.11420,0.14990,0.15890,0.15770,0.15240,0.15690,0.18390,0.20740
water,0.11220,0.11920,0.10070,0.11580,0.15350,0.16460,0.16210,0.15770,0.15940,0.18870,0.21140
water,0.10750,0.11420,0.10090,0.11380,0.14750,0.15660,0.15540,0.15060,0.15480,0.18240,0.20500
water,0.10600,0.11110,0.10090,0.11280,0.14400,0.15300,0.15240,0.14870,0.15300,0.18300,0.20320
water,0.10700,0.11240,0.10090,0.11330,0.14510,0.15360,0.15290,0.15030,0.15320,0.18070,0.20570
water,0.10650,0.11200,0.10110,0.11350,0.14500,0.15300,0.15240,0.14920,0.15420,0.18100,0.20440
water,0.10860,0.11400,0.10090,0.11400,0.14570,0.15540,0.15430,0.15100,0.15460,0.18270,0.20390
water,0.10610,0.11110,0.10080,0.11290,0.14340,0.15140,0.15110,0.14860,0.15230,0.17930,0.20330
water,0.10580,0.11070,0.10070,0.11250,0.14190,0.15080,0.15050,0.14760,0.15160,0.17850,0.20270
water,0.10540,0.11020,0.10070,0.11230,0.14120,0.14940,0.14870,0.14620,0.15140,0.17830,0.20090
water,0.10600,0.11320,0.10090,0.11230,0.14380,0.15180,0.15120,0.14720,0.15140,0.18150,0.20330
water,0.10520,0.11070,0.10090,0.11230,0.14230,0.15010,0.14930,0.14640,0.15060,0.17960,0.20090
water,0.10980,0.11490,0.10080,0.11460,0.14840,0.15770,0.15710,0.15290,0.15690,0.18550,0.20790
water,0.11450,0.12420,0.10090,0.11630,0.15800,0.16750,0.16660,0.15990,0.16300,0.19030,0.21160
water,0.11520,0.12680,0.10090,0.13030,0.15980,0.17690,0.16970,0.16050,0.16270,0.18940,0.21280
water,0.11520,0.12330,0.10110,0.14140,0.15890,0.16240,0.16220,0.15970,0.16230,0.19010,0.21220
water,0.11510,0.12500,0.10090,0.11900,0.15730,0.17030,0.16700,0.16030,0.16120,0.19080,0.21290
water,0.10980,0.11850,0.10110,0.12710,0.15290,0.16250,0.15860,0.15270,0.15410,0.18170,0.20290
water,0.10970,0.11750,0.10100,0.12210,0.15380,0.16080,0.16020,0.15210,0.15380,0.18220,0.20370
water,0.10940,0.11770,0.10080,0.11380,0.15160,0.15980,0.15910,0.15220,0.15490,0.18310,0.20270
water,0.10630,0.11180,0.10070,0.11290,0.14540,0.15360,0.15300,0.15200,0.15800,0.19310,0.20660
water,0.10500,0.11200,0.10090,0.11330,0.14570,0.15440,0.15280,0.14870,0.15290,0.18210,0.20290
water,0.10660,0.11150,0.10080,0.11290,0.14450,0.15290,0.15300,0.14860,0.15260,0.18020,0.20340
water,0.10620,0.11300,0.10110,0.11330,0.14680,0.15680,0.15420,0.15000,0.15480,0.18610,0.20320
water,0.10680,0.11370,0.10100,0.11280,0.14540,0.15620,0.15410,0.15180,0.15780,0.19360,0.20690
water,0.10660,0.11240,0.10080,0.11340,0.14620,0.15520,0.15430,0.14960,0.15240,0.18200,0.20410
water,0.10690,0.11150,0.10080,0.11300,0.14510,0.15280,0.15300,0.14860,0.15300,0.18100,0.20420
water,0.10850,0.11400,0.10100,0.11470,0.14850,0.15840,0.15630,0.15310,0.15780,0.19010,0.20440
water,0.10480,0.11110,0.10100,0.11300,0.14340,0.15150,0.15130,0.14820,0.15150,0.17980,0.20370
water,0.10580,0.11110,0.10070,0.11290,0.14340,0.15160,0.15180,0.14780,0.15250,0.18070,0.20330
water,0.10740,0.11370,0.10070,0.11400,0.14620,0.15510,0.15420,0.15050,0.15410,0.18070,0.20590
water,0.10890,0.11570,0.10080,0.11510,0.14960,0.15910,0.15760,0.15310,0.15700,0.18430,0.20820
water,0.10600,0.11140,0.10080,0.11370,0.14510,0.15440,0.15260,0.15220,0.15860,0.19140,0.20870
water,0.10490,0.11110,0.10090,0.11270,0.14300,0.15150,0.15180,0.14770,0.15110,0.17980,0.20280
water,0.10880,0.11430,0.10080,0.11390,0.14670,0.15550,0.15480,0.15060,0.15520,0.18270,0.20680
water,0.10600,0.11080,0.10090,0.11290,0.14200,0.15160,0.15050,0.14770,0.15040,0.18100,0.20220
water,0.10500,0.11110,0.10090,0.11280,0.14360,0.15150,0.15130,0.14750,0.15310,0.17910,0.20240
water,0.10550,0.11090,0.10080,0.11290,0.14320,0.15150,0.15160,0.14820,0.15340,0.17980,0.20310
water,0.10530,0.11070,0.10110,0.11270,0.14280,0.15150,0.15050,0.14810,0.15170,0.17870,0.20290
water,0.10450,0.10990,0.10090,0.11230,0.14180,0.15010,0.14990,0.14720,0.15090,0.17850,0.20170
water,0.10580,0.11070,0.10090,0.11230,0.14290,0.15140,0.15090,0.14990,0.15400,0.18420,0.20430
water,0.10560,0.11070,0.10080,0.11230,0.14290,0.15110,0.15050,0.14900,0.15370,0.18380,0.20440
water,0.10590,0.11000,0.10080,0.11220,0.14170,0.15010,0.14930,0.14710,0.15140,0.17850,0.20180
water,0.11240,0.12180,0.10100,0.12740,0.15520,0.16350,0.16480,0.15660,0.16120,0.18940,0.21270
water,0.11860,0.13020,0.10110,0.13520,0.16330,0.17360,0.17170,0.16380,0.16570,0.19440,0.21370
water,0.10770,0.11330,0.10090,0.11380,0.14720,0.15570,0.15530,0.15010,0.15470,0.18210,0.20490
water,0.10690,0.11290,0.10090,0.11350,0.14660,0.15620,0.15470,0.15020,0.15300,0.18090,0.20290
water,0.10760,0.11480,0.10090,0.11450,0.14950,0.15820,0.15810,0.15230,0.15520,0.18330,0.20620
water,0.10650,0.11110,0.10090,0.11340,0.14400,0.15220,0.15240,0.14860,0.15180,0.18040,0.20390
water,0.10680,0.11210,0.10090,0.11270,0.14460,0.15370,0.15290,0.14920,0.15260,0.18140,0.20580
water,0.10910,0.11430,0.10080,0.11390,0.14680,0.15590,0.15510,0.15180,0.15560,0.18380,0.20510
water,0.10890,0.11530,0.10090,0.11420,0.14710,0.15730,0.15600,0.15160,0.15680,0.18400,0.20630
water,0.10760,0.11680,0.10090,0.11400,0.15030,0.15900,0.15630,0.15450,0.15940,0.19510,0.20590
water,0.10800,0.11550,0.10070,0.12120,0.14870,0.15920,0.15890,0.15440,0.15730,0.19380,0.20700
water,0.11940,0.14000,0.10080,0.12700,0.15250,0.17670,0.17530,0.15680,0.15920,0.19080,0.20570
water,0.10740,0.11350,0.10080,0.11370,0.14760,0.15420,0.15340,0.15100,0.15630,0.18860,0.20390
water,0.10790,0.11260,0.10100,0.11340,0.14620,0.15540,0.15410,0.14980,0.15420,0.18380,0.20220
water,0.10720,0.11370,0.10090,0.11480,0.14790,0.15650,0.15560,0.15120,0.15450,0.18120,0.20220
water,0.10490,0.11090,0.10070,0.11310,0.14290,0.15080,0.15050,0.14850,0.15260,0.18030,0.20250
water,0.10700,0.11340,0.10090,0.11340,0.14680,0.15520,0.15480,0.15070,0.15400,0.18130,0.20490
water,0.10700,0.11370,0.10080,0.11340,0.14630,0.15560,0.15460,0.15070,0.15460,0.18210,0.20530
water,0.10870,0.11530,0.10110,0.11450,0.15010,0.15930,0.15770,0.15210,0.15580,0.18410,0.20600
water,0.10620,0.11190,0.10080,0.11340,0.14520,0.15430,0.15310,0.15150,0.15630,0.19080,0.20650
water,0.10650,0.11190,0.10090,0.11340,0.14630,0.15430,0.15420,0.15180,0.15800,0.19200,0.20770
water,0.10480,0.11110,0.10070,0.11290,0.14400,0.15300,0.15300,0.14900,0.15420,0.18200,0.20530
water,0.10590,0.11110,0.10090,0.11310,0.14340,0.15220,0.15180,0.14810,0.15200,0.17950,0.20260
water,0.10680,0.11200,0.10080,0.11350,0.14510,0.15370,0.15290,0.14910,0.15350,0.17980,0.20430
water,0.10950,0.11540,0.10070,0.11490,0.14790,0.15720,0.15670,0.15220,0.15630,0.18530,0.20850
water,0.10570,0.11120,0.10090,0.11290,0.14340,0.15140,0.15120,0.14810,0.15210,0.17990,0.20360
water,0.10660,0.11270,0.10080,0.11320,0.14510,0.15410,0.15360,0.15000,0.15370,0.18060,0.20470
water,0.11360,0.12080,0.10080,0.11550,0.15280,0.16370,0.16110,0.15710,0.16030,0.18740,0.21000
water,0.11520,0.12710,0.10100,0.12140,0.16420,0.17270,0.17130,0.16210,0.16500,0.19210,0.21370
water,0.14430,0.18580,0.10100,0.14320,0.16710,0.23810,0.21990,0.17980,0.16470,0.19240,0.21320
water,0.10640,0.11210,0.10090,0.11260,0.14450,0.15370,0.15230,0.14850,0.15340,0.18320,0.20140
water,0.10510,0.11140,0.10080,0.11280,0.14400,0.15370,0.15320,0.15100,0.15640,0.18920,0.20600
water,0.10580,0.11110,0.10090,0.11280,0.14340,0.15150,0.15120,0.14780,0.15230,0.17940,0.20450
water,0.10820,0.11390,0.10080,0.11390,0.14560,0.15430,0.15330,0.14950,0.15410,0.18150,0.20500
water,0.11080,0.11720,0.10090,0.11570,0.15010,0.15920,0.15730,0.15350,0.15760,0.18590,0.20890
water,0.10570,0.11070,0.10100,0.11280,0.14240,0.15080,0.15000,0.14720,0.15050,0.17820,0.20160
water,0.10540,0.11060,0.10090,0.11300,0.14290,0.15150,0.15060,0.14800,0.15110,0.17920,0.20250
water,0.10550,0.11120,0.10070,0.11330,0.14400,0.15230,0.15170,0.14890,0.15280,0.18050,0.20370
forest,0.13560,0.20570,0.10090,0.16310,0.35470,0.36040,0.30670,0.17130,0.14620,0.16760,0.18840
forest,0.14630,0.21660,0.10110,0.17770,0.35220,0.36380,0.30940,0.18230,0.15730,0.18080,0.19630
forest,0.15130,0.23070,0.10110,0.17440,0.35020,0.34790,0.30990,0.19100,0.16100,0.18480,0.20100
forest,0.16530,0.25590,0.10100,0.19070,0.38730,0.42430,0.34880,0.19180,0.15610,0.17830,0.19410
forest,0.14950,0.22570,0.10110,0.17210,0.35930,0.37230,0.31200,0.17530,0.15210,0.16990,0.18980
forest,0.14370,0.21890,0.10110,0.18790,0.39390,0.37600,0.32240,0.18310,0.15510,0.17820,0.19540
forest,0.13490,0.18530,0.10110,0.16610,0.29760,0.29240,0.25500,0.16640,0.15030,0.17190,0.19300
forest,0.15380,0.22960,0.10110,0.17850,0.35150,0.34790,0.30390,0.18470,0.15860,0.17810,0.19550
forest,0.14800,0.21450,0.10110,0.16760,0.32900,0.33240,0.29250,0.18050,0.15360,0.17530,0.19120
forest,0.13850,0.20690,0.10120,0.17320,0.35220,0.34100,0.30640,0.17480,0.15230,0.17610,0.19300
forest,0.15670,0.23580,0.10090,0.17810,0.35160,0.35890,0.30930,0.18070,0.15360,0.17470,0.19120
forest,0.15410,0.22650,0.10110,0.16970,0.33860,0.33730,0.28880,0.18100,0.15650,0.17570,0.19190
forest,0.13980,0.19490,0.10100,0.16250,0.29540,0.31130,0.26660,0.17060,0.15190,0.17240,0.19060
forest,0.13760,0.19150,0.10090,0.16930,0.29220,0.28620,0.24350,0.16310,0.14450,0.16900,0.18560
forest,0.15560,0.23260,0.10110,0.17770,0.34380,0.33870,0.28530,0.17610,0.15080,0.17720,0.19050
forest,0.13530,0.19590,0.10110,0.16940,0.34980,0.34780,0.29810,0.17370,0.14960,0.17270,0.18910
forest,0.13760,0.20070,0.10110,0.16700,0.31060,0.32640,0.28340,0.17470,0.15220,0.17280,0.19220
forest,0.14360,0.21120,0.10110,0.15870,0.33570,0.33510,0.29270,0.17680,0.15580,0.17710,0.19320
forest,0.13970,0.19920,0.10100,0.15810,0.31300,0.31830,0.27820,0.17390,0.15160,0.17490,0.19270
other,0.17420,0.25390,0.10110,0.18160,0.33770,0.34940,0.30540,0.19800,0.16010,0.18130,0.19430
other,0.18330,0.25590,0.10110,0.17590,0.32600,0.34300,0.30720,0.19870,0.17740,0.19340,0.20340
other,0.22810,0.28390,0.10110,0.17350,0.29410,0.32660,0.28380,0.21710,0.19770,0.19950,0.21020
other,0.20640,0.28210,0.10110,0.17370,0.29260,0.30690,0.28570,0.20370,0.17950,0.18860,0.19710
other,0.17590,0.23610,0.10120,0.18270,0.28600,0.29070,0.25200,0.18890,0.18260,0.19170,0.20320
other,0.22530,0.29510,0.10110,0.17130,0.32620,0.33130,0.30510,0.23020,0.18970,0.19420,0.20230
other,0.20640,0.26720,0.10090,0.16120,0.30010,0.31130,0.29400,0.20620,0.18980,0.20660,0.21850
other,0.20250,0.28700,0.10110,0.16760,0.33090,0.34690,0.31420,0.20760,0.17600,0.19260,0.20110
other,0.21870,0.27510,0.10110,0.16910,0.27390,0.31290,0.27250,0.20960,0.19780,0.19210,0.20300
other,0.20730,0.28550,0.10110,0.17760,0.34420,0.35790,0.31000,0.20570,0.18440,0.19260,0.20210
other,0.18440,0.24760,0.10110,0.16140,0.29810,0.30380,0.27960,0.20420,0.17320,0.18800,0.19940
other,0.19530,0.25920,0.10110,0.17220,0.29830,0.32890,0.29320,0.20690,0.19190,0.19380,0.20640
other,0.17960,0.26720,0.10100,0.17080,0.31590,0.32450,0.29330,0.18950,0.16580,0.17800,0.19390
other,0.21300,0.29410,0.10110,0.17120,0.33310,0.33000,0.30130,0.21640,0.17730,0.19260,0.19880
other,0.21550,0.27460,0.10110,0.17810,0.33330,0.33100,0.30530,0.21670,0.20270,0.20680,0.21480
other,0.22590,0.28920,0.10110,0.17180,0.28630,0.31220,0.28980,0.21940,0.18800,0.19170,0.21480
other,0.21070,0.27650,0.10110,0.17120,0.30950,0.33640,0.30530,0.21350,0.20210,0.19630,0.20540
other,0.18640,0.22690,0.10100,0.15460,0.21740,0.25620,0.23750,0.20750,0.18880,0.19620,0.21410
other,0.24050,0.30310,0.10130,0.15960,0.29980,0.32160,0.28800,0.24390,0.20530,0.20750,0.21240
tea,0.16180,0.26970,0.10110,0.20940,0.48050,0.49680,0.40160,0.21190,0.15660,0.19610,0.19530
tea,0.24820,0.33650,0.10110,0.19950,0.30290,0.29710,0.27160,0.21350,0.18630,0.19490,0.19550
tea,0.19310,0.28640,0.10120,0.17900,0.36090,0.36110,0.30950,0.18830,0.16460,0.18150,0.19550
tea,0.16710,0.27060,0.10110,0.18520,0.43540,0.43020,0.36630,0.20700,0.15650,0.19290,0.19480
tea,0.16560,0.27060,0.10110,0.20060,0.45890,0.46230,0.38760,0.20760,0.15640,0.19430,0.19550
tea,0.16210,0.25760,0.10110,0.19970,0.42250,0.41270,0.35750,0.19600,0.15280,0.18710,0.19430
tea,0.16010,0.25310,0.10110,0.18420,0.41430,0.42070,0.35740,0.19720,0.15290,0.18650,0.19320
tea,0.16110,0.27490,0.10110,0.20550,0.53620,0.53950,0.42880,0.21190,0.15420,0.19480,0.19520
tea,0.16090,0.25720,0.10110,0.19520,0.43410,0.44120,0.36780,0.20540,0.15600,0.18940,0.19600
tea,0.16760,0.26500,0.10120,0.19530,0.41900,0.43830,0.36410,0.20270,0.15860,0.18990,0.19510
tea,0.16110,0.25930,0.10110,0.19300,0.45170,0.45230,0.38440,0.21030,0.15630,0.19470,0.19440
tea,0.16670,0.27340,0.10110,0.20760,0.45200,0.47490,0.38760,0.20690,0.15320,0.18950,0.19450
tea,0.18910,0.29100,0.10110,0.21900,0.43070,0.43240,0.36090,0.20610,0.15470,0.18790,0.19080
tea,0.18320,0.26980,0.10100,0.17670,0.35430,0.35770,0.30560,0.18780,0.16070,0.18280,0.19450
tea,0.18920,0.27330,0.10110,0.17690,0.36830,0.37020,0.30830,0.19270,0.16290,0.18580,0.19510
tea,0.20800,0.30130,0.10120,0.17400,0.33740,0.33900,0.29680,0.19680,0.17650,0.18640,0.19980
tea,0.16550,0.28190,0.10110,0.20660,0.54230,0.54970,0.45980,0.23610,0.15800,0.20630,0.19640
tea,0.16210,0.26500,0.10110,0.20160,0.43570,0.44840,0.37350,0.20630,0.15640,0.19210,0.19420
tea,0.16080,0.26380,0.10110,0.20320,0.48500,0.48380,0.38940,0.20870,0.15500,0.19260,0.19500
tea,0.17360,0.27960,0.10110,0.19810,0.43290,0.43900,0.36720,0.21210,0.15790,0.19340,0.19610
other,0.23350,0.29500,0.10110,0.17210,0.31630,0.34590,0.30420,0.22490,0.21690,0.21040,0.21360
water,0.10600,0.11160,0.10070,0.11290,0.14340,0.15150,0.15180,0.14780,0.15220,0.17920,0.20250
